tracseId,review_id,rating,content,title
AIG20220000412370,1,5.0,너무 좋았고 많이 배울 수 있어서 좋았습니다! 현직에서 일하시다 오신 강사님들이 강의를 해주시고 최선을 다해서 강의를 해주십니다. 그리고  불만사항과 건의사항이 있으면 즉시 피드백이 되어 문제를 해결 해 주십니다.,[Harman] 세미콘(semiconductor) 아카데미-반도체 설계
AIG20220000412370,2,5.0,"교수님들도 너무 열정적으로 잘 강의해주셨고 도움이 많이 되었습니다 감사합니다 다양한 경험을 해볼 수 있었고 이를 통해 진로 결정을 하는데 큰 도움이 되었습니다 반도체 설계쪽 교육이 많이 없는데, 여기서 많이 자세하게 전문적으로 잘 알려줘서 정말 좋습니다.",[Harman] 세미콘(semiconductor) 아카데미-반도체 설계
AIG20220000412370,3,5.0,여러가지 경험해보고 여러가지를 배우고 싶은 사람이면 추천드립니다. 전공생 아니더라도 열심히 하면 충분히 이해가 가능하고 서로 도와주는 분위기를 만들어서 도움을 주고 받으면서 할 수 있었습니다. 교육과정이 깊고 좁은게 아니라 얕고 넓습니다. 이러한 교육과정이 누군가에겐 긍정적으로 작용할 수 있다고 생각되나 개인적으로는 내가 원하는 직무의 교육을 깊이있게 못배우는 것이 매우 아쉬웠습니다. 또한 국제적인 경기침체로 인해 우리나라의 반도체산업이 매우 안좋은 시기에 취업을 하게 되어 기대하던 회사와 직무에 취업이 안되어 너무 아쉽고 아쉽습니다.,[Harman] 세미콘(semiconductor) 아카데미-반도체 설계
AIG20220000412370,4,5.0,"훌륭한 교수진, 알찬 교육 내용을 바탕으로 수업을 진행함.
관리해주시는 담당 교수님 또한 완벽. 수업 내용이 최신 트렌드를 반영하는 것이 실상 불가능한 분야이지만 실무에 투입되어 관련있고 알아야하는 분야 전반을 다뤄주셔서 교육을 통해 취업한 지금 교육에 크게 만족하고 있습니다",[Harman] 세미콘(semiconductor) 아카데미-반도체 설계
AIG20220000412370,5,5.0,6개월이라는 시간 동안 시스템 반도체 설계 및 프로젝트를 통해서 많은 부분을 배울 수 있는 좋은 기회였습니다. 감사합니다!,[Harman] 세미콘(semiconductor) 아카데미-반도체 설계
AIG20220000412370,6,5.0,"매우 만족스러웠고, 좋은 가르침과 지도를 통해 많은 것을 배우고 얻어갑니다. 고맙습니다.",[Harman] 세미콘(semiconductor) 아카데미-반도체 설계
AIG20220000412370,7,5.0,"좋은 강의 들려주신 모든 교수님 들께 감사를 드리고 지금 까지 배운 모든 지식들 회사 가서 유용하게 쓰겠습니다. 주변에도 들으려는 친구들 있으면 꼭 추천하겠습니다. 감사합니다. 반도체설계 교육을 듣기 전에는 verilog,c 언어 등에 대해 무지했는데 이 교육을 듣고 다양한 언어를 얻을 수 있었고 orcad, virtuoso 등 다양한 툴을 사용해볼 수 있어서 좋았습니다. 잘 배웠습니다. 세세한 부분까지 신경써주시고 진짜 ""교육""을 받았습니다. 실무교육 받을 수 있어서 좋음 확실히 기술 습득에 좋음
한 가지 과목 중간에 자꾸 다른 과목 배우는 것은 좀 그랬음 노진호, 최병수 교수님을 필두로 모든 강사진들의 수준과 교육 방식등이 매우 훌륭하여 이해가 잘되었습니다.
감사합니다.",[Harman] 세미콘(semiconductor) 아카데미-반도체 설계
AIG20220000412370,8,5.0,좋은 사람들과 좋은 교수님들을 만나서 좋은 경험을 했다고 생각합니다. 배운것도 많고 좋은 교육 해주셔서 감사합니다.,[Harman] 세미콘(semiconductor) 아카데미-반도체 설계
AIG20220000412370,9,5.0,여러 방향으로 취업의 가능성을 알아볼수 있는 계기가 되어 너무 감사 드립니다,[Harman] 세미콘(semiconductor) 아카데미-반도체 설계
AIG20220000412370,10,5.0,"FPGA 및 Verilog 에 대해서 목표하고, 임베디드 시스템에 대해서 배워 취업을 하기위해 수강하였고, 보람차게 배울 수 있었습니다.",[Harman] 세미콘(semiconductor) 아카데미-반도체 설계
AIG20220000412370,11,5.0,"대한상공회의소 팀장님 신경써주셔서 감사합니다 특히 장용선 교수님 종합 프로젝트 때 늦게까지 남아 도와주시고 격려해주신게 기억에 남습니다. 고등, 대학 수업 통틀어 가장 값진 시간이자 즐거운 배움의 시간이었습니다 모두 고생많으셨습니다! 비전공자도 전공자도 모두 만족하며 들을 수 있는 교육 과정  듣고 나면 전문가가 된 거 같은 자신감도 가질 수 있다.",[Harman] 세미콘(semiconductor) 아카데미-반도체 설계
AIG20220000412370,12,5.0,모르는 것들을 많이 배울 수 있었습니다.,[Harman] 세미콘(semiconductor) 아카데미-반도체 설계
AIG20220000412370,13,5.0,잘배우고 갑니다. 빨리 취업하고 싶네요.,[Harman] 세미콘(semiconductor) 아카데미-반도체 설계
AIG20220000412370,14,5.0,"이 과정을 듣기 전과 후가 다릅니다 경기인력개발원은 기숙사도 있어서 학생들 다같이 늦게까지 남아서 으쌰으쌰하는 느낌이 많아 더 힘을 낼 수 있었습니다 
6개월동안 이보다 더 밀도있게 살 수 없을 거 같습니다
6개월만에 프로젝트 6~7개를 하며 많이 성장한 거 같습니다 또 담당교수님께서는 취업지원연계릉 활발하게 해주셔서 든든했습니다 항상감사하고 행복하시길 바라겠습니다",[Harman] 세미콘(semiconductor) 아카데미-반도체 설계
AIG20220000412370,15,5.0,좋았습니다,[Harman] 세미콘(semiconductor) 아카데미-반도체 설계
AIG20220000412370,16,5.0,"교육 이전에는 설계 언어와 tool 사용법을 아예 몰랐고 회사 지원서 작성시 직무 기술서를 해석할 수 없었다. 교육 이후에는 직무 기술서도 이해할 뿐만 아니라 설계 분야에서 지원할 수 있는 폭도 넓어졌다. 그리고 교수님께서 아예 기초부터 알려주시기 때문에 타과생들이 들었어도 충분히 교육을 따라갈만하다. 
또한, 교육을 하면서 프로젝트 진행할 시 발표를 자주해야하는데 발표를 계속 함으로써 자신감도 많이 생겼고 이제는 발표가 두렵지 않게 되었다. 이 교육 덕분에 많이 성장한 것 같아 정말 좋았다.",[Harman] 세미콘(semiconductor) 아카데미-반도체 설계
AIG20220000412370,17,5.0,감사합니다 취업이 정말 큰 도움이 되었습니다.,[Harman] 세미콘(semiconductor) 아카데미-반도체 설계
AIG20220000412370,18,5.0,"반도체, 임베디드, 하드웨어 등 폭 넓게 배울 수 있었고, 그를 통해 내가 어떤 직무에 맞는지와 상세 진로를 결정할 수 있게 되었습니다.",[Harman] 세미콘(semiconductor) 아카데미-반도체 설계
AIG20220000412370,19,5.0,"학부에서는 배운적이 없던 전문지식 및 프로젝트들을 배우고, 해볼 수 있었다.
교수님들은 친절하셔서 수업에서 모르는 것이 있더라도 곧잘 물어볼 수 있었다.",[Harman] 세미콘(semiconductor) 아카데미-반도체 설계
AIG20220000412370,20,5.0,아주아주 좋아요 실력향상하고싶으면 무조건 하세요 강추합니다.,[Harman] 세미콘(semiconductor) 아카데미-반도체 설계
AIG20220000412370,21,5.0,다양하게 여러 툴들을 실습할 수 있는 게 좋았고 실력적으로 많이 향상이 된 거 같습니다.,[Harman] 세미콘(semiconductor) 아카데미-반도체 설계
AIG20220000412370,22,5.0,"굿 대학교 수업에서 배우지 못했던 내용을 들을 수 있었다.
특히 실무에서 사용하는 기술을 자세하게 배울 수 있으며, tool 사용 방법도 익힐 수 있다.
프로젝트를 하면서 설계 능력도 향상했고, 팀과 협력하여 활동하는 것도 좋았다.",[Harman] 세미콘(semiconductor) 아카데미-반도체 설계
AIG20220000412370,23,5.0,반도체 설계에 대하여 정확히 알 수 있는 수업 설계에 대한 방향성을 얻을 수 있었습니다.,[Harman] 세미콘(semiconductor) 아카데미-반도체 설계
AIG20220000412370,24,5.0,"어디에서도 이렇게 무료로 지원 받아서 들을수 없는 수업을 들을수 있어서 매우 좋았고, 훌륭하신 교수님들과 호흡하며 수업을 배울수 있어서 정말 좋았습니다. 여러 프로젝트를 통해 실력을 향상 시킬 수 있었습니다. 열심히 살았던 뜻 깊은 6개월이었습니다. 주변에 추천할 의향이 있습니다.",[Harman] 세미콘(semiconductor) 아카데미-반도체 설계
AIG20220000412370,25,5.0,"전공자에겐 추천하나 비전공자에게는 정말 이 길로 가고싶은 사람에게만 추천 FPGA에 관해 좋은 학습 기회를 경험했다고 말할 수 있습니다. 
실무적인 내용에 대해 맛보기 해보았다 말할수 있습니다.",[Harman] 세미콘(semiconductor) 아카데미-반도체 설계
AIG20220000412370,26,5.0,"체계적으로 학습할 수 있어 좋았습니다. 학부에서 반도체 설계에 대한 과목을 전혀 수강하지 않은 상태에서 이번 과정을 수강하게 되었습니다.
그럼에도 불구하고 기본 이론부터 프로젝트까지 완성 시켜주는 교육과정이었습니다.
다음 훈련생들에게도 추천합니다. 반도체 설계분야로 가기전 꼭 거쳤으면 하는 교육입니다.",[Harman] 세미콘(semiconductor) 아카데미-반도체 설계
AIG20220000412370,27,5.0,"다양한 언어, tool을 배울 수 있어 좋았습니다.",[Harman] 세미콘(semiconductor) 아카데미-반도체 설계
AIG20220000412370,28,5.0,"FPGA를 활용한 Verilog 기술을 기를 수 있는 좋은 기회였고, 좋은 기수에서 다양한 사람들과의 인맥도 쌓을 수 있는 좋은 경험이었습니다. 특히 권선일 교수님의 요구가 당시엔 빡세다 생각했지만, 되돌아보면 다 저흴 위한거구나 싶었습니다. 문기숙교수님의 멘탈을 잡아주는 멘트들도 너무나 좋았고, 최병수 교수님의 지도 및 관리도 만족스러웠습니다. 노진호교수님의 Verilog 교육은 디지털 설계 및 검증을 수행하는 데 방향성과 방법을 아는 좋은 경험이었습니다.",[Harman] 세미콘(semiconductor) 아카데미-반도체 설계
AIG20220000412370,29,5.0,하만 세미콘 아카데미 반도체교육 과정을 듣고 시스템반도체 설계 관련하여 많은 부분에서 도움이 되었고 실력또한 향상되었다고 생각합니다 반도체 설계 교육은 흔하지 않은 과정입니다. 이런 교육 받게 해주셔서 감사합니다. 다양한 툴을 사용하고 설계과정과 관련된 교육을 통하여 반도체 설계 역량을 더 함양시킬 수 있는 기회가 되었다. 최고,[Harman] 세미콘(semiconductor) 아카데미-반도체 설계
AIG20220000412370,30,5.0,"비전공자로서 학부에선 배울 수 없었던 것들을 배움으로써 진로 확립에 많은 도움이 됨
교수님들의 강의 실력이 매우 뛰어나셨고
커리큘럼이 잘 구성되어있음
매우 추천함",[Harman] 세미콘(semiconductor) 아카데미-반도체 설계
AIG20220000412370,31,5.0,.,[Harman] 세미콘(semiconductor) 아카데미-반도체 설계
AIG20220000412370,32,5.0,유익했습니다. 900시간동안 알찬 교육 받았습니다. 반도체 설계에 관련된 디지털/아날로그 실무 경험을 다방면으로 깊게 공부 할 수 있어 만족스러웠습니다. 교수님들께서 친절하게 알려주시고 모두 학식이 깊으셔서 저의 부족한 부분을 메워가며 배울 수 있는 강사진으로 구성이 되어 굉장히 좋았습니다. 이 강의로 인해 여러 분야를 경험하며 제 적성을 찾고 적성을 직업으로써 살릴 수 있게 하는 좋은 강의였습니다. 감사합니다!,[Harman] 세미콘(semiconductor) 아카데미-반도체 설계
AIG20220000412370,33,5.0,"반도체의 기초지식을 쌓기에 정말 좋은 수업이였습니다. 학부에서 배우기 힘든 것을 배울 수 있는 좋은 기회였으며, 실무에 대한 경험을 쌓을 수 있는 좋은 경험이었습니다. 관련 분야 취업하기 위한 기초적인 부분부터 전문적인 부분까지 교육을 하였습니다.",[Harman] 세미콘(semiconductor) 아카데미-반도체 설계
AIG20220000412370,34,5.0,"반도체 설계 분야에 대해 아무것도 몰랐던 제가 수료한 후에는 정말로 반도체 설계라는 것이 무엇인가 부터 해서
전체적인 설계를 필요한 역량을 쌓을 수 있게 되었습니다.",[Harman] 세미콘(semiconductor) 아카데미-반도체 설계
AIG20220000412370,35,5.0,"강사님들이 너무 친절하고 잘 갈쳐 주셨어요 그래서 기분이 너무 좋습니다..!! 반도체 설계 과정을 이 교육을 통해 처음 접하게 되었는데, 과정 덕분에 서류도 많이 붙고 맘편하게 면접 준비를 진행중입니다. 좋은 결과로 이어져 많은 사람들에게 추천해주고싶습니다. 숲을 볼 수 있는 교육이었다고 생각합니다.
반도체를 만드는 것 자체를 배우는 것도 중요하지만 이 반도체를 PCB에 올리고 소자들을 연결해서 원하는 동작을 시켜야 합니다.
이를 위해서는 임베디드, PCB, HW 등의 지식도 중요합니다. 수강하는 과정 중에서는 이게 꼭 필요할까 라는 생각을 할 수 있지만 그런 지식들을 알고 모르고 설계를 하는것은 많은 차이가 있을 것입니다. 많은 시간을 들여서 한 만큼 더 성장할 수 있었습니다.",[Harman] 세미콘(semiconductor) 아카데미-반도체 설계
AIG20220000412370,36,5.0,"900시간의 시간 동안 굉장히 발전할 수 있는 시간이였습니다. 코로나로 인해 실습 수업을 하지 못하여 자소서에 쓸 경험하나 없어 자신감도 많이 떨어졌었지만, 이제는 자소서에 쓸 경험을 고르는 상황으로 변했다.",[Harman] 세미콘(semiconductor) 아카데미-반도체 설계
AIG20220000412370,37,5.0,훌륭한 교수님들 아래에서 너무나 잘배웠고 취업에 성공하였습니다. 감사합니다.,[Harman] 세미콘(semiconductor) 아카데미-반도체 설계
AIG20220000412370,38,5.0,"많이 배우고 얻어갔습니다 교수님들이 교육을 정말 잘해주시는것같다 괜찮습니다 대학교 때 이론적으로만 배웠던 반도체 과목을
다양한 실기 과정을 통해 학습할 수 있고 나니 
취업 시 필요한 역량이 강화되었습니다 위 교육은 반도체에대한 전반적인 부분을 고루 다루고 있습니다. 또한 AVR이나 FPGA같은 것들을 사용하는 방법들과 인베디드 시스템에대한 경험을 늘릴 수 있었습니다. 아직 내가 원하는 산업과 기업에 취직을 하지 못하였지만 다른 곳에 합격 소식을 받고 내가 원하는 직무에 취업을 할 수 있다는 가능성을 열어준 대한상공회의소에 감사하다. 하지만, 너무 많이 같은 교육과정을 연 탓에 한명 한명 교육생의 확실한 취업과 빠른 피드백이 불가능했다는 점이 아쉬운 부분이다. 대학교 전공 수업을 통해 C언어와 Verilog와 같은 언어를 배웠었는데 학업 수준에 그치지 않고, 실무에 적합한 프로그래밍 교육을 들을 수 있었습니다. 뿐만 아니라 이 교육이 아니면 하기 힘든 OrCAD를 이용한 PCB Artwork 교육이나 Cadence Virtuoso를 이용한 FullCustomIC 교육을 들을 수 있어서 좋았습니다. 강의 해주시는 강사님들의 열정과 도와주시고자하는 마음이 느껴져서 수강생들과 함께 열심히 들을 수 있었던 것 같습니다. 시스템반도체가 중요해진 시점에서 이 과정이 신설되었고 수강을 하게 되었습니다. 이 과정에서 임베디드 SW부터 Physical Design까지의 반도체 설계 과정에 깊이 있는 내용을 배울 수 있었습니다. 교육을 듣기 전보다 반도체 설계 엔지니어로서 역량을 확실히 키울 수 있었습니다.",[Harman] 세미콘(semiconductor) 아카데미-반도체 설계
AIG20220000412370,39,5.0,"감사합니다 :3 개발자로서의 기초 지식과 기본 마음가짐을 배울 수 있었습니다.
센터 교수님들께서 무엇이라도 더 알려주려는 열정이 좋았습니다.
교육 수준과 구현한 프로젝트 수준이 높아서 좋았습니다. 설계 전체 과정에 대해 배우면서 관심 분야를 정할 수 있게 되었습니다. 담당강사님들의 현장, 실무에 집중한 수준높은 강의가 좋았습니다.
계속해서 강의를 발전시키고 이 교육 자체를 성장시키기위한 노진호 교수님의 담당 학생들과의 의견소통과 빠른 피드백, 학생들을 위한 열정에 감사했습니다. 실무적으로 접근하여 좋은 직무관련 기술을 얻었습니다. 훈련 시작 전 소프트웨어 관련 개발자 경력 및 타 직종 경력만 있고 반도체 전반에 관한 지식이 없던 저에게 부족한 점을 속 시원하게 채워주었던 교육이었습니다.
 반도체 설계에 필요한 C/C++을 기반으로한 RTOS, OOP등의 구조 설계부터 하드웨어 설계에 필요한 전자회로 해석 및 실습을 통한 PCB제작, FullCustom IC Layout설계 까지 반도체 전반적인 지식을 채울 수 있는 수업이었고. RTL 설계하기 위한 Verilog HDL 수업은 간단한 순차&논리 회로 부터 고난이도 CPU 설계 프로젝트까지 부족함 없는 수업이었습니다.",[Harman] 세미콘(semiconductor) 아카데미-반도체 설계
AIG20220000412370,40,5.0,상공회의소에 들어오기전보다 훨씬 실력과 많은 배움을 얻어갈수있어서 만족스러운 교육이였다,[Harman] 세미콘(semiconductor) 아카데미-반도체 설계
AIG20220000412370,41,5.0,교수님들께서 학생들의 자유도를 높여주며 학생들끼리 잘 융화시켜주신 것 같습니다. 그 점이 좋았던 것 같아요,[Harman] 세미콘(semiconductor) 아카데미-반도체 설계
AIG20220000412370,42,5.0,너무 만족스러운 경험이었습니다. 취업에 도움이 될 것이라고 생각합니다.,[Harman] 세미콘(semiconductor) 아카데미-반도체 설계
AIG20220000412370,43,5.0,"훈련과정을 통해서 학과과정에서 배우지 못한 교육과 경험을 할 수 있어 좋았고, 디지털 회로 설계, SoC를 설계할 수 있는 실력을 갖출 수 있게 되어 좋았습니다.",[Harman] 세미콘(semiconductor) 아카데미-반도체 설계
AIG20220000412370,44,5.0,필요한 것들을 얻을 수 있어서 좋았습니다,[Harman] 세미콘(semiconductor) 아카데미-반도체 설계
AIG20220000412370,45,5.0,"많이 배웠고, 도움이 되었다.",[Harman] 세미콘(semiconductor) 아카데미-반도체 설계
AIG20220000412370,46,5.0,교수님들이 열정적으로 가르쳐주셔서 더 많이 배울 수 있었다,[Harman] 세미콘(semiconductor) 아카데미-반도체 설계
AIG20220000412370,47,5.0,제 자신을 성장시켜주는 교육이었던거 같습니다.,[Harman] 세미콘(semiconductor) 아카데미-반도체 설계
AIG20220000412370,48,5.0,부족했던 설계 역량에 관하여 많이 배울 수 있었고 같은 직종에 종사할 친구들도 많이 만들 수 있어 좋은 교육이었습니다.,[Harman] 세미콘(semiconductor) 아카데미-반도체 설계
AIG20220000412370,49,5.0,실무에 대해서 많이 배울 수 있었던 교육이었습니다.,[Harman] 세미콘(semiconductor) 아카데미-반도체 설계
AIG20220000412370,50,5.0,즐거운 시간이었습니다,[Harman] 세미콘(semiconductor) 아카데미-반도체 설계
AIG20220000412370,51,5.0,.,[Harman] 세미콘(semiconductor) 아카데미-반도체 설계
AIG20220000412370,52,5.0,"학부에서는 배울 수 없는 교육을 받을 수 있어서 좋았습니다.
특히, 노진호 교수님과 최병수 교수님께서 많이 신경써주시고 열심히 학습시켜주셔서 감사하다는 말씀 드리고 싶습니다.",[Harman] 세미콘(semiconductor) 아카데미-반도체 설계
AIG20220000412370,53,5.0,이제 막 졸업해서 취업할 준비가 전혀 되지않은 취준생분들에게 정말 추천해주고 싶은 아카데미입니다. 학부생활에서 배우지 못한 실무교육들을 자세히 배울 수 있었던 점이 가장 만족스러웠습니다.,[Harman] 세미콘(semiconductor) 아카데미-반도체 설계
AIG20220000412370,54,5.0,감사합니다,[Harman] 세미콘(semiconductor) 아카데미-반도체 설계
AIG20220000412370,55,5.0,이 훈련과정을 통해 임베디드 전반과 칩 설계 기초를 배울 수 있었다. 본인의 노력여하에 따라 많은 것을 얻어갈 수 있을리라고 생각한다.,[Harman] 세미콘(semiconductor) 아카데미-반도체 설계
AIG20220000412370,56,5.0,반도체 디지털 설계 및 검증 쪽으로 취업을 하고 싶은사람은 꼭 수강하시길.,[Harman] 세미콘(semiconductor) 아카데미-반도체 설계
AIG20220000412370,57,5.0,"단순히 쉬운 과정을 원하는 분 보다는 새로운걸 배우면서 자신의 능력을 계발하실 분들께 추천드립니다. 열정적인 교수님들이 헌신적으로 도와주십니다. 다만 과정이 좀 힘들 수는 있습니다. 그 과정을 견딜수만 있으시다면, 많은 것을 얻어 가실 수 있으실겁니다.",[Harman] 세미콘(semiconductor) 아카데미-반도체 설계
AIG20220000412370,58,5.0,900시간동안 유익한 교육이였습니다!,[Harman] 세미콘(semiconductor) 아카데미-반도체 설계
AIG20220000412370,59,5.0,이 교육을 통해서 취업 알선 연계로 취업에 성공했습니다. 감사합니다.,[Harman] 세미콘(semiconductor) 아카데미-반도체 설계
AIG20220000412370,60,5.0,반도체 설계에 대해 아는 것이 전혀 없었지만 훈련을 수강하며 반도체 설계에 대한 기초지식부터 전문적인 지식까지 많은 것을 배울 수 있어 정말 좋았습니다,[Harman] 세미콘(semiconductor) 아카데미-반도체 설계
AIG20220000412370,61,5.0,경험 쌓기에 좋았습니다. R&D 분야에 대한 경험을 쌓을 수 있고 프로젝트 위주로 구성되서 나중에 취업할때 도움이 되요,[Harman] 세미콘(semiconductor) 아카데미-반도체 설계
AIG20220000412370,62,5.0,"조금 긴 시간인 6개월을 할애해서 강의를 들어야 합니다.
그럼에도 불구하고 개인적으로 인천에 살고 있는데, 다른 칩 설계 강의에 비하면 훨씬 접근성이 편리해서 수강했습니다.
배우는 내용이 생각보다 많기 때문에, 수업만 따라가도 되는 과목이 있고, 자신이 조금 더 공부해야 될 과목이 있습니다.
가능한 주말에도 복습하며, 공부하시기 바랍니다.
주요 주제인 베릴로그 칩 설계, STM32 임베디드 소프트웨어 설계, 레이아웃 모두 배우고 프로젝트가 있어서 좋습니다.
강의의 내용은 매우 수준 높은 내용으로 구성되어 있습니다. 다만 그만큼 이해하기 힘든 부분도 있기에 잘 따라가셔야 됩니다.
어중간한 마음가짐으로는 시간만 날리고 백수는 아니었다 정도로 끝날 수도 있습니다.
잘 생각해 보시고, 마음을 확실히 먹은 뒤에 신청하시기 바랍니다.",[Harman] 세미콘(semiconductor) 아카데미-반도체 설계
AIG20220000412370,63,5.0,신입사원으로써 SoC부분과 RTL 부분에 있어서 제대로 알고 가는 부분이 있어 좋았습니다.,[Harman] 세미콘(semiconductor) 아카데미-반도체 설계
AIG20220000412370,64,5.0,"교육 덕분에 원하는 직무에  취업을 하게 된 점을 매우 기쁘게 생각합니다. 
교육 수강 이전 서류 합격률과 수료 이후 합격률을 비교했을 때 많은 차이가 있었고, 
Layout, MCU제어, RTL설계, SoC 등 다양한 설계 툴과, c언어/verilog를 이용해 다양한 프로젝트를 진행했던 경험은 신입사원으로서 가져야 할 기본기를 갖추기엔 충분했던 경험이었습니다. 
개발원마다 교수진의 차이나 배우는 것에 약간씩의 차이가 있다고는 하지만, 학부 시절 부족한 프로젝트 및 전공지식으로 인해 취업이 힘들었다면 자신있게 추천하고 싶습니다.",[Harman] 세미콘(semiconductor) 아카데미-반도체 설계
AIG20220000412370,65,5.0,좋습니다,[Harman] 세미콘(semiconductor) 아카데미-반도체 설계
AIG20220000412370,66,5.0,배우는 내용이 크게 3가지 줄기인 것 같은데 2가지로 줄여서 자세히 배웠으면 더 좋았을 것 같습니다.,[Harman] 세미콘(semiconductor) 아카데미-반도체 설계
AIG20220000412370,67,5.0,설계 분야의 경험을 쌓게 되어 도움이 되었습니다.,[Harman] 세미콘(semiconductor) 아카데미-반도체 설계
AIG20220000412370,68,5.0,"디지털회로설계, HW설계, 임베디드 설계 등 다양한 분야를 배울 수 있어 좋았음.

개인적으로 ARM 수업을 더 오래 들을 수 있음 좋겠다 싶었음.

System Verilog 및 UVM을 이번에 처음 수업했고 괜찮았지만 처음이라 아쉬운점도 있었음.

하지만 점차 더 좋아질 것이라 봄.

Full Custom 설계는 수업의 본질적 목적을 알고 들어가면 더 좋을 것 같음.

보람찬 6개월이었음.",[Harman] 세미콘(semiconductor) 아카데미-반도체 설계
AIG20220000412370,69,5.0,덕분에 부족한 전공이론과 현직자들의 실무교육으로 많은 도움이 되었습니다. 프로젝트를 수행하면서 부족한 부분을 보완할 수 있었습니다.,[Harman] 세미콘(semiconductor) 아카데미-반도체 설계
AIG20220000412370,70,5.0,. 6개월 과정 동안 임베디드 SW와 반도체 PI/PD과정을 모두 배울 수 있는 최고의 교육,[Harman] 세미콘(semiconductor) 아카데미-반도체 설계
AIG20220000412370,71,5.0,6개월이라는 시간 안에 많은 내용을 배울 수 있어 좋았던 것 같습니다. 진로를 정하는 데 많은 도움이 되었어요.,[Harman] 세미콘(semiconductor) 아카데미-반도체 설계
AIG20220000412370,72,5.0,기본기 부족하면 들어도 괜찮아 보임.,[Harman] 세미콘(semiconductor) 아카데미-반도체 설계
AIG20220000412370,73,5.0,일단 반도체 설계 관련 강좌가 몇 없는데 수강을 할 기회가 생겨서 굉장히 좋았습니다. 수강을 해보니 강의 환경이 잘 조성이 되어있고 듣는 내용도 알차다고 생각되었습니다. 이런 기회가 더 생겼으면 좋겠고 저는 만족했습니다.,[Harman] 세미콘(semiconductor) 아카데미-반도체 설계
AIG20220000412370,74,5.0,감사합니다 잘 배웠습니다,[Harman] 세미콘(semiconductor) 아카데미-반도체 설계
AIG20220000412370,75,5.0,도움이 많이 되었습니다,[Harman] 세미콘(semiconductor) 아카데미-반도체 설계
AIG20220000412370,76,5.0,"CPU 설계부터 SoC 설계까지 다양한 프로젝트를 수행할 수 있어서 좋습니다.
기초부터 자세하게 알려주시기 때문에 수업 따라가기도 수월합니다.
학부에서 배우지 않는 SystemVerilog 와 UVM 내용도 강의 해주시기 때문에 설계 엔지니어 외에도 검증으로 취업할 수 있어서 좋습니다",[Harman] 세미콘(semiconductor) 아카데미-반도체 설계
AIG20220000412370,77,5.0,쉽게 경험할수없는 실습 및 프로젝트들을 수행하는게 큰 매리트 라고 생각하고 교육해주시는 교수님 각각 한분한분 높은 교육력을 갖고 계셔서 기초부터 따라가는데 큰 어려움이 없었습니다. 다만 너무 다양하게 배워서 이전에 배운걸 까먹을 가능성이 있기 때문에 정리를 개인적으로 하였고 후에 포트폴리오를 작성하는데 도움이 되었습니다. 이를 바탕으로 취업 활동에 긍정적인 영향을 끼칠수 있어서 전체적으로 만족스러운 훈련과정 이였습니다.,[Harman] 세미콘(semiconductor) 아카데미-반도체 설계
AIG20220000412370,78,5.0,경혐해보지 않았던 강의를 들을 수 있어 좋았고 몰랐던 부분들에 대해 자세히 알아갈 수 있어서 뜻깊었습니다.,[Harman] 세미콘(semiconductor) 아카데미-반도체 설계
AIG20220000412370,79,5.0,"내가 생각한 것 보다 훨씬 깊이 있는 교육이 되었다.
비교적 짧은 시간이었지만 그 시간보다 훨씬 값어치 있는 교육을 받았다고 생각한다.
모든 수업이 취업에 도움이 되었고 나의 전문성을 향상시키는데 크게 도움이 되었다.",[Harman] 세미콘(semiconductor) 아카데미-반도체 설계
AIG20220000412370,80,5.0,교수님들이 진심으로 학생들 한명 한명 생각해주시고 조언을 해주셨다는 점에서 아주 높게 평가합니다. 부족한점도 없진 않았지만 전체적으로 만족합니다.,[Harman] 세미콘(semiconductor) 아카데미-반도체 설계
AIG20220000412370,81,5.0,"교수님들 다 친절하시고 좋았습니다.
많이 배우고 갑니다.",[Harman] 세미콘(semiconductor) 아카데미-반도체 설계
AIG20220000412370,82,5.0,너무 만족했습니다. 교수님들이 너무 잘 가르치셔서 대학교에서도 느껴보지 못한 실무 경험을 할 수 있었습니다. 취업에도 힘껏 힘써주시고 수업도 최선을 다해주십니다.,[Harman] 세미콘(semiconductor) 아카데미-반도체 설계
AIG20220000412370,83,5.0,반도체 분야에 대해 알게 된 것이 많아졌다고 생각해서 개인적으로 도움이 많이 된 수업이었다고 생각한다. 직무 설정에 고민이 많았는데 이 수업을 들으면서 나의 진로에 대해 조금은 명확해졌다고 생각한다.,[Harman] 세미콘(semiconductor) 아카데미-반도체 설계
AIG20220000412370,84,5.0,반도체 설계 직무를 희망하는 학생에게 정말 좋은 기회였습니다.,[Harman] 세미콘(semiconductor) 아카데미-반도체 설계
AIG20220000412370,85,5.0,교수님의 열정적인 강의가 정말 좋았습니다.,[Harman] 세미콘(semiconductor) 아카데미-반도체 설계
AIG20220000412370,86,5.0,반도체설계에 대해서 배울수잇고 경험할수잇어서 좋앗습니다,[Harman] 세미콘(semiconductor) 아카데미-반도체 설계
AIG20220000412370,87,5.0,"<본인이 노력하는 만큼 발전할 기회를 제공하는 수업>

세미콘 아카데미에서는 반도체 설계 전반에 대해 배우고 실습할 수 있습니다. 반도체의 핵심인 Verilog RTL 설계 수업이 중점적으로 진행되고, C언어 펌웨어 개발, PCB 레이아웃, Full Custom 레이아웃, 전자회로 해석 등의 수업도 진행됩니다. 이 강의의 가장 큰 장점은 현업에서 활용 가능한 기술을 익힐 수 있다는 것입니다.  현업에서 실제로 사용되는 언어와 개발 툴을 이용해 반도체를 설계하는 능력을 기를 수 있고, 데이터시트와 같은 기술 문서들을 해석하는 능력도 기를 수 있습니다. 개인적으로 만족했던 점은 이 과정을 수료하며 문제해결 능력을 키웠다는 것입니다. 프로젝트를 진행할 때에는 여러 문제들을 마주하게 됩니다(문제가 발생하지 않을 수도 있지만, 그럴 확률은 매우 낮습니다). 그 문제들은 교과서처럼 답이 정해진 문제들이 아니기 때문에 이를 해결하기 위해서는 창의력이 무엇보다 중요합니다. 저는 문제 해결 능력을 향상시킬 기회를 제공한다는 점이 이 교육의 차별화된 장점이라고 생각합니다. 정규 교육시간만 채워도 수료할 수 있지만, 그보다 많은 시간과 노력을 투자한다면 엄청난 발전을 얻을 수 있는 교육과정입니다. 저는 교육을 받으며 정말 많은 것들을 배웠고 취업에도 성공했습니다. 반도체 설계 분야 진출을 희망하고, 어려운 내용도 끈기있게 공부할 열정이 있는 분들이라면 이 교육과정에 신청하시기를 강력히 추천드립니다.",[Harman] 세미콘(semiconductor) 아카데미-반도체 설계
AIG20220000412370,88,5.0,"하만 세미콘 아카데미의 반도체 시스템 설계 과정 참여는 기술적 역량을 향상시키고, 산업 현장에서 필요한 전문 지식을 습득하는 데 중요한 발판이 되었습니다.",[Harman] 세미콘(semiconductor) 아카데미-반도체 설계
AIG20220000412370,89,5.0,하드웨어를 구성하는 소자부터 회로 로직까지의 구성을 모두 경험하고 관련 이론 및 실습을 할 수 있다는점이 장점이었습니다.,[Harman] 세미콘(semiconductor) 아카데미-반도체 설계
AIG20220000412370,90,5.0,"하만 세미콘 아카데미의 경우 RTL Design 뿐만 아니라 RTL Verification도 배울 수 있던 것이 가장 큰 장점이었습니다. 
실제로 현장에서 사용하는 기술들을 배울 수 있었고, 프로젝트를 통해 팀원들과 협업할 수 있는 기회도 많이 가질 수 있었습니다. 
기술력과 더불어 여러 사람들과 함께 일하는 능력도 향상 시킬 수 있는 값진 수업이었다고 생각합니다. 
지도 교사님과 더불어 수업 해주셨던 모든 교수님들, 서울기술교육센터 모든 관계자분들께 감사드립니다.",[Harman] 세미콘(semiconductor) 아카데미-반도체 설계
AIG20220000412370,91,5.0,"저는 이 설계 직무 변경자 입니다.
설계를 하나도 모르는 비전공자도 들을 수 있을 정도의 설계 교육이였습니다.
다만 면접을 겪으면서, 회사는 프로젝트를 중요시 보지만 이론 또한 중요시 여기는 것을 알았고
이 부분은 교육 과정에서 조금 더 심도 있게 배웠으면 하는 아쉬움이 있습니다.",[Harman] 세미콘(semiconductor) 아카데미-반도체 설계
AIG20220000412370,92,5.0,"하드웨어 개발에 관심이 있거나 임베디드시스템 혹은 반도체 설계 분야로 취업하고 싶으면 추천합니다.
C부터 verilog, systemverilog까지 다양한 학습을 진행합니다.
다양한 기업에 취업기회를 제공하기 때문에 본인이 이 과정에서 열심히하고 성실히 임한다면 취업에 성공할 수 있습니다.",[Harman] 세미콘(semiconductor) 아카데미-반도체 설계
AIG20220000412370,93,5.0,그 어떤 교육보다 프로젝트를 많이 진행하기 때문에 실무적인 능력 향상에 크게 도움이 됩니다. 특히 디지털회로설계를 꿈꾸는 학생이라면 꼭 듣길 추천합니다.,[Harman] 세미콘(semiconductor) 아카데미-반도체 설계
AIG20220000412370,94,5.0,꽤 긴 시간이었지만 굉장히 유익한 시간이었습니다. 회로설계와 관련한 역량을 키울 수 있을 뿐 아니라 팀프로젝트를 진행하며 협업에 대해서도 배울 수 있었습니다. 반도체 지식이 꽤 부족한 상태에서 시작했지만 전혀 무리 없이 즐겁게 배울 수 있었습니다.,[Harman] 세미콘(semiconductor) 아카데미-반도체 설계
AIG20220000412370,95,5.0,"훈련 중에는 정말 오지 않을 것 같던 수료식이 오고 뒤돌아보니 인생에서 거의 가장 빨리 지나간 7개월인 것 같습니다.
8,9개의 프로젝트를 정말 동기들과 밤을 새며 진행한 것이 취업하는데 큰 도움이 될 것 같습니다.
열심히 한 만큼 돌아오는 것이 크고 노력한다면 정말 좋은 결과가 있을 훈련과정입니다.",[Harman] 세미콘(semiconductor) 아카데미-반도체 설계
AIG20220000412370,96,5.0,"제가 알고 있는 국비 교육중에 가장 취업에 가까운 교육이라고 생각합니다. 물론 모든 수강생들이 가는 기업이 좋다고만 말할 수 는 없지만 이게 되네 싶을 정도로 거의 모두가 취업이 되고 전자과를 나왔지만 어떤 진로를, 어떤 커리어 패스를 가지고 가야할지 고민부터 되는 사람들에게 매우 좋은 교육인 것 같습니다. 다만 6개월의 기간이 짧은 것도 아니고 열심히 하면 주말도 없기 때문에 이 부분은 잘 생각해서 참여하는게 좋을 것 같습니다:)",[Harman] 세미콘(semiconductor) 아카데미-반도체 설계
AIG20220000412370,97,5.0,교수님들께서 친절하게 알려주신 덕분에 6개월동안 많은 내용을 배웠다고 생각합니다. 감사합니다 :),[Harman] 세미콘(semiconductor) 아카데미-반도체 설계
AIG20220000412370,98,5.0,실용적인 툴을 많이 배울 수 있어 좋았습니다,[Harman] 세미콘(semiconductor) 아카데미-반도체 설계
AIG20220000412370,99,5.0,다양한 프로젝트를 통하여 기술적 역량을 기를 수 있었다.,[Harman] 세미콘(semiconductor) 아카데미-반도체 설계
AIG20220000412370,100,5.0,학과에서 배운 내용보다 실무에 가깝게 배울 수 있는 기회가 있어 유익한 시간이었습니다.,[Harman] 세미콘(semiconductor) 아카데미-반도체 설계
AIG20220000412370,101,5.0,너무 좋았습니다.,[Harman] 세미콘(semiconductor) 아카데미-반도체 설계
AIG20220000412370,102,5.0,배울것이 많았고 많이 얻어가는 훈련과정이었습니다.,[Harman] 세미콘(semiconductor) 아카데미-반도체 설계
AIG20220000412370,103,5.0,훈련과정 덕분에 디지털 설계 엔지니어가될 수 있을거 같다.,[Harman] 세미콘(semiconductor) 아카데미-반도체 설계
AIG20220000412370,104,5.0,해당 과정을 통해 부족했던 기초지식을 쌓을 수 있어서 매우 좋았음,[Harman] 세미콘(semiconductor) 아카데미-반도체 설계
AIG20220000412370,105,5.0,"처음에는 6개월동안 어떻게 하나 싶었는데 언제 시간이 다 지나갔나 싶을 정도로 너무 빨리 끝나버렸습니다..
이 분야에 대해서는 경험해 본적 없이 시작했는데 전보다 훨씬 기초가 쌓이고 프로젝트까지 진행하면서 취업을 할 수 있는 기틀을 마련한 것 같습니다! 그리고 같은 분야 사람들을 알게 된 것도 큰 장점이라고 생각합니다! 너무 좋았습니다!!",[Harman] 세미콘(semiconductor) 아카데미-반도체 설계
AIG20220000412370,106,5.0,"6개월이란 시간이 길어보였는데 돌아보고나니 참 짧은 시간이었던거 같습니다. 연속된 프로젝트에 지쳐갔지만 그 기억들이 저의 밑거름이 된거 같아 뿌듯하고 감사합니다.

정교수님, 윤교수님 저희 교육하시느라 너무 고생하였고, 앞으로도 건강하게 교육하시길 바랄게요. 

설민영 담임교수님 항상 뒤에서 저희 챙겨주시느라 감사했습니다. 앞으로도 승승장구하시길 바랄게요. 화이팅!",[Harman] 세미콘(semiconductor) 아카데미-반도체 설계
AIG20220000412370,107,5.0,비전공자도 잘 이해할 수 있도록 가르쳐 주셔서 좋았습니다.,[Harman] 세미콘(semiconductor) 아카데미-반도체 설계
AIG20220000412370,108,5.0,지금까지 배운 내용을 토대로 더 공부하면 훌륭한 인력이 될 수 있을 것 같습니다.,[Harman] 세미콘(semiconductor) 아카데미-반도체 설계
AIG20220000412370,109,5.0,제 인생에서 꼭 필요한 시간 중에 하나였다고 생각합니다.,[Harman] 세미콘(semiconductor) 아카데미-반도체 설계
AIG20220000412370,110,5.0,교욱을 수강하면서 힘들기 보단 정말 즐거운 시간이였습니다,[Harman] 세미콘(semiconductor) 아카데미-반도체 설계
AIG20220000412370,111,5.0,많은 경험을 할 수 있어서 좋았습니다.,[Harman] 세미콘(semiconductor) 아카데미-반도체 설계
AIG20220000412370,112,5.0,"7개월 동안 강의 내용을 익히느라 많은 시간을 투자했고, 쉽지 않은 과정이었습니다. 하지만 그만큼 성장과 성취를 분명하게 느낄 수 있었습니다. 배울 점이 많은 동기들과 함께하며 힘든 순간도 있었지만, 즐거운 날들이 더 많았습니다. 반도체 분야에서 경험을 쌓고 싶은 분, 6개월 이상 취업을 준비했지만 성과를 얻지 못한 분, 직무 관련 경험이 부족한 분께 적극 추천합니다.",[Harman] 세미콘(semiconductor) 아카데미-반도체 설계
AIG20220000412370,113,5.0,"7개월동안 지도교수님들을 비롯해서 강사분들, 학생들 모두 열심히 가르치고 배우는 밀도있는 시간이었습니다. 권선일 강사님은 수업뿐만 아니라 학생들이 자기 성향에 따라 어떤 곳으로 가야할지도 상담해주는 등 열정이 있었고 최병수, 문기숙 지도교수님은 많은 인원들을 관리하고 취업연계를 시켜주려 많은 노력을 하였습니다. 이분들 노력과 강사님들 수업에 감사합니다.",[Harman] 세미콘(semiconductor) 아카데미-반도체 설계
AIG20220000412370,114,5.0,전공자들도 학교에서 마저 배우지 못했던 것들을 배울 수 있어서 좋은 경험이 됐다.,[Harman] 세미콘(semiconductor) 아카데미-반도체 설계
AIG20220000412370,115,5.0,전공자가 아니더라도 질 좋은 교육을 들을 수 있어 좋았습니다,[Harman] 세미콘(semiconductor) 아카데미-반도체 설계
AIG20220000412370,116,5.0,대학교 전공에서 배웠던 학업에서 그치지 않고 실무에 적합한 프로그램 교육을 들을 수 있어서 좋았습니다.,[Harman] 세미콘(semiconductor) 아카데미-반도체 설계
AIG20220000412370,117,5.0,"베릴로그에 대해 하나도 몰랐는데, 많이 배웠습니다. 실무에서도 툴을 사용하여 IP를 분석하고 검증할 수 있을 것 같습니다.",[Harman] 세미콘(semiconductor) 아카데미-반도체 설계
AIG20220000412370,118,5.0,반도체 설계 과정에 대한 전반적인 실무를 배우고 프로젝트를 진행함으로써 취업 활동에 도움이 되는 과정이었습니다,[Harman] 세미콘(semiconductor) 아카데미-반도체 설계
AIG20220000412370,119,5.0,다양한 프로젝트를 수행하며 반도체 설계에 필요한 역량을 키울 수 있는 좋은 경험이었습니다.,[Harman] 세미콘(semiconductor) 아카데미-반도체 설계
AIG20220000412370,120,5.0,디지털 회로 설계에 대한 전반적인 내용들을 배울 수 있어서 좋았습니다.,[Harman] 세미콘(semiconductor) 아카데미-반도체 설계
AIG20220000412370,121,5.0,"국비교육에 대한 안 좋은 선입견이 있어서, 솔직히 별 기대 안하고 수강 했지만, 단 7개월만에 대학에서 배울수 있는것보다 더 많이 배웠습니다. 센터를 다니기 전에 반도체에 대해선 전혀 몰랐고, 알고 있더라도 이론적인 부분 뿐이었습니다. 하지만 수강을 하면서, 제가 알고 있었던 지식들이 실무에선 어떻게 쓰이는지에 대해 이론과 실무가 연결되는 것들에 대해 많이 배웠고, 알지 못하던 반도체 분야도 실무 위주로 교육을 받으니, 교육이 끝난 지금은 실무에 바로 투입 되더라도 잘 할수 있을거라는 자신감을 얻게 되어 정말 뜻깊은 7개월 이었습니다.",[Harman] 세미콘(semiconductor) 아카데미-반도체 설계
AIG20220000412370,122,5.0,"1. 반도체 회로설계의 모든 내용들을 다 한 번씩 맛 보고 관련 프로젝트 수행하면서 이력서 & 자기소개서에 쓸 내용이 많아져서 좋았습니다.
2. 또 포트폴리오도 만드는 분위기가 조성돼서, 각자 포트폴리오 만드는 맛도 있었어요.
3. Verilog랑 System verilog 관련 교육은 찾아보기 힘든데, 활용해서 CPU랑 peripheral, BUS 등 실제 회사들에서 다루는 모듈을 직접 설계해볼 수 있는 점이 가장 좋았어요. 또 영상처리 관련 교육도 추가로 진행돼서, ISP나 디스플레이 쪽으로도 준비할 수 있었습니다,
4. Virtuoso Layout (아마 과정 이름으론 Full custom IC 설계 였던 것 같습니다) 배운 것도, 라이센스 원래 비싸서 쓰기 어렵다는 사실 아는데, 이 과정에서 배워볼 수 있어서 좋았습니다.
5. C언어랑 전자회로는 학부 때 어느 정도 배우고 오니까, 또 배운다는 느낌이 들어서 아쉬울 순 있는데요, 그럼에도 학부 때 놓쳤던 부분이나 새롭게 알게 된 내용도 있어서 지나고 보면 다 유익했습니다.
6. 저는 좀 외향적인 편이라 7개월 동안 다른 수강생들이랑 평일 저녁에 같이 주변에 놀러가기도 하고, 주말에 같이 공부하거나 놀러가는 것도 좋았고 너무 재밌게 다녔습니다! 
7. 프로젝트도 하면서 친해지고, 같은 직종으로 종사하게 될 친구들이 많이 생긴 것 같아서 전체적으로 대만족한 과정이에요.
8. 무엇보다 반도체 설계의 모든 과정을 배웠다보니, 제가 어떤 걸 제일 좋아하는지 알 수 있었던 점이 제일 좋았습니다. 감사합니다~",[Harman] 세미콘(semiconductor) 아카데미-반도체 설계
AIG20220000412370,123,5.0,초심자 기준으로 이론부터 설명해주고  응용까지 전반적으로 좋았다,[Harman] 세미콘(semiconductor) 아카데미-반도체 설계
AIG20220000412370,124,4.3,이 분야에 정말 관심이 있는 사람이 수강하면 수료 이후 취업하고서도 좋을겁니다. 관심없는데 그냥 좋아보인다고 오면 고통스러울수도 있어요. 하지만 취업연계가 잘되어있어서 취업은 대부분할 수 있는 좋은 교육입니다.,[Harman] 세미콘(semiconductor) 아카데미-반도체 설계
AIG20220000412370,125,4.3,반도체 설계의 여러 방면의 전반적인 수업을 들을 수 있어서 좋았습니다. 이를 토대로 관심가는 분야를 좀 더 깊게 공부해보는 시간이 필요할 것 같습니다.,[Harman] 세미콘(semiconductor) 아카데미-반도체 설계
AIG20220000412370,126,4.3,없습니다.,[Harman] 세미콘(semiconductor) 아카데미-반도체 설계
AIG20220000412370,127,4.3,잘 배웠습니다 감사합니다,[Harman] 세미콘(semiconductor) 아카데미-반도체 설계
AIG20220000412370,128,4.3,다른 설계 교육과정만큼 좋은지 모르겠지만 매번 커리큘럼이 최신화가 되면서 더 좋아지고 있습니다.,[Harman] 세미콘(semiconductor) 아카데미-반도체 설계
AIG20220000412370,129,4.3,유익한 시간이었습니다. 추천합니다!,[Harman] 세미콘(semiconductor) 아카데미-반도체 설계
AIG20220000412370,130,4.3,900시간이라는 긴 시간이었지만 충분히 도움되는 시간이었습니다.,[Harman] 세미콘(semiconductor) 아카데미-반도체 설계
AIG20220000412370,131,4.3,"교육과정을 통해 전공 역량에 대한 자신감을 얻었다. 교육 듣기 전에 생각한 것보다 교육의 질이 좋았고, 배울 것이 많았다. 학부 때 부족한 프로젝트 경험을 쌓을 수 있어서 좋았고, 칩 설계에 대한 여러 지식을 얻을 수 있어서 유익했다.",[Harman] 세미콘(semiconductor) 아카데미-반도체 설계
AIG20220000412370,132,4.3,좋은 과정 이였다. 다만 추후 들을 사람들은 정확한 커리큘럼을 체크해보고 자신 진로에 맞는지 확인후 듣는걸 추천한다,[Harman] 세미콘(semiconductor) 아카데미-반도체 설계
AIG20220000412370,133,4.3,훈련과정은 전반적으로 좋으나 결정적인 취업연계 부족,[Harman] 세미콘(semiconductor) 아카데미-반도체 설계
AIG20220000412370,134,4.3,"아 취업했다~~~ 

ORCAD, PCB tool, Arm_Coretex, FPGA, VErilgo HDL등 현역에서 쓰이는 언어와 Tool을 배울 수 있어 좋았습니다.",[Harman] 세미콘(semiconductor) 아카데미-반도체 설계
AIG20220000412370,135,4.3,"기초지식이 있는 전공자는 추천, 다만 마지막 프로젝트 기간은 넉넉하게 주었으면 완벽한 교육이었을 것 같다.",[Harman] 세미콘(semiconductor) 아카데미-반도체 설계
AIG20220000412370,136,4.3,베릴로그라는 언어를 배우기가 쉽지가 않은데 그런 경험을 갖게 해줘서 좋았습니다. 기숙사 생활도 나쁘지 않았고 전반적으로 배우는 것들이 학교에서 배우는 거에 비해 양도 많고 난이도도 있어서 도움이 됐습니다. 취업하고 좋은 결과물을 내서 서울뿐만이 아니라 파주에서도 괜찮은 인재들이 모여 취업을 시켜도 괜찮겠다는 생각이 들게 하도록 열심히 살아보겠습니다.,[Harman] 세미콘(semiconductor) 아카데미-반도체 설계
AIG20220000412370,137,4.3,반도체 설계에 꿈이 있다면 듣기 좋다.,[Harman] 세미콘(semiconductor) 아카데미-반도체 설계
AIG20220000412370,138,4.3,대체로 만족합니다.,[Harman] 세미콘(semiconductor) 아카데미-반도체 설계
AIG20220000412370,139,4.3,6개월동안 고생하셨습니다,[Harman] 세미콘(semiconductor) 아카데미-반도체 설계
AIG20220000412370,140,4.3,.,[Harman] 세미콘(semiconductor) 아카데미-반도체 설계
AIG20220000412370,141,4.3,시스템 반도체 업계와 관련하여 이만큼 교육 받기가 쉽지 않은데 배울 수 있어서 실제 업무에서도 유용하게 사용할 것 같습니다. 또한 전문성을 갖고서 취업 준비를 할 수 있게 되어 정말 많은 도움이 되었습니다.,[Harman] 세미콘(semiconductor) 아카데미-반도체 설계
AIG20220000412370,142,4.3,"반도체 설계에 대해 전반적인 과정을 이해하는데 도움이 되는 강의였습니다. 전자공학 학사 학위나 관련 학과 학사 학위를 취득한 분들이 듣기에 적절한 난이도였습니다. 다만, 비전공자들이 수강하기엔 강의 속도나 난이도가 조금 버거울 수 있습니다. 모든 사람들에게 속도를 맞출 순 없으니 어중간하게 하실 분들은 충분히 고민해보시고 신청하시는게 좋을 것 같습니다.",[Harman] 세미콘(semiconductor) 아카데미-반도체 설계
AIG20220000412370,143,4.3,"고생 많으셨습니다. 
감사합니다.",[Harman] 세미콘(semiconductor) 아카데미-반도체 설계
AIG20220000412370,144,4.3,기업이 원하는 취업준비생들에게 양질의 교육을 통하여 자신감을 부여할 수 있는 훈련이다,[Harman] 세미콘(semiconductor) 아카데미-반도체 설계
AIG20220000412370,145,4.3,이 분야의 직무로 가고 싶은 입문자분들이 수강하면 좋을 것 같습니다.,[Harman] 세미콘(semiconductor) 아카데미-반도체 설계
AIG20220000412370,146,4.3,유익한 수업이었고 많은 도움이 되었습니다,[Harman] 세미콘(semiconductor) 아카데미-반도체 설계
AIG20220000412370,147,4.3,.,[Harman] 세미콘(semiconductor) 아카데미-반도체 설계
AIG20220000412370,148,4.3,반도체 설계 분야에 대한 전문적인 지식을 쌓을 수 있었음 프로젝트를 통한 다양한 경험을 쌓음,[Harman] 세미콘(semiconductor) 아카데미-반도체 설계
AIG20220000412370,149,4.3,"훈련을 받기 전, 부족하다고 생각했던 부분들을 보완할 수 있었던 의미있는 훈련이었습니다.",[Harman] 세미콘(semiconductor) 아카데미-반도체 설계
AIG20220000412370,150,4.3,대학 졸업이후 원하는 분야로 취업이 안되서 걱정이었지만 좋은 기회가 되어 직무역량을 쌓을 수 있어서 감사합니다.,[Harman] 세미콘(semiconductor) 아카데미-반도체 설계
AIG20220000412370,151,4.3,많은 도움이 되었고 뜻깊은 시간이였음,[Harman] 세미콘(semiconductor) 아카데미-반도체 설계
AIG20220000412370,152,4.3,"반도체 설계 프로젝트는 전공자와 비전공자에 따라 접근 방식이 다를 수 있습니다. 전공자 분들 중에서 반도체 설계를 해보고 싶은데 프로젝트 관련 스펙이 없거나 FPGA 사용 경험이 없다면, 나름 괜찮은 선택입니다. 수업도 이미 기초적인 지식을 알고 있다는 전제로 진행되기 때문에 큰 어려움 없이 따라갈 수 있을 겁니다.

반면, 비전공자 분들은 조금 빡세게 공부해서 따라가야지 라고 마음먹은 경우가 아니라면 솔직히 힘들 수 있습니다. 수업이 기본 지식을 전제로 진행되기 때문에 혼자 개인적으로 공부하지 않으면 따라가기 어렵습니다. 가벼운 마음으로 시작했다가는 7개월 동안 멍만 때리다 구경만 하고 끝날 수도 있습니다.

결론적으로 포트폴리오가 필요한 전공자라면 나름 괜찮습니다. 비전공자는 정말로 열심히 할 각오가 있어야 합니다. 비전공자끼리 남아서 멍 때리거나 떠들다가 7개월 버리는 분들이 많아요 그래도 정말 열심히 하시는 분도 계십니다. 본인이 잘 생각해서 선택하시면 될거같아요 화이팅입니다.

추신 : layout 수업이 있을껍니다. 처음에 cadence 수료증 준다고 하시면서 수업 들을사람 여부를 확인하실텐데 그 수료증 돈줘야 받을수있습니다. 저는 이사실을 수업다듣고 수료증 받기전에알아서 수업 들은게 아까워서 돈 냈어요 다음분들은 Layout 하실분아니면 본인이 선택 잘하시길 바랍니다.",[Harman] 세미콘(semiconductor) 아카데미-반도체 설계
AIG20220000412370,153,4.3,전체 학생들을 담당하시는 담당교수님이 좋았다,[Harman] 세미콘(semiconductor) 아카데미-반도체 설계
AIG20220000412370,154,4.3,베릴로그와 stm32 팀프로젝트를 추가로 못한 것이 아쉽다.,[Harman] 세미콘(semiconductor) 아카데미-반도체 설계
AIG20220000412370,155,4.3,교수님들의 가르침덕분에 진로를 확정하고 나아갈 자신감을 얻게 된게 주요했습니다.,[Harman] 세미콘(semiconductor) 아카데미-반도체 설계
AIG20220000412370,156,4.3,"대학에서 전자공학 관련 실습 경험이 부족한 경우 큰 도움이 될 것 같습니다. 초반에는 지정된 주제로 프로젝트를 하다가, 중반 이후로는 자유롭게 팀메이팅을 하고 자율 주제로 프로젝트를 했습니다. 때문에 어느 정도 시간이 지나면 본인이 관심있는 분야에 집중할 수 있습니다. 프로젝트를 하면서 모르는 것이 있으면 스스로 찾아보는 요령을 기르게 되었습니다.",[Harman] 세미콘(semiconductor) 아카데미-반도체 설계
AIG20220000412370,157,4.3,"교육 덕분에 많은 지식과 경험을 쌓을 수 있었습니다. 감사합니다. 명확한 목표를 가지고 수강하면 더 좋을 듯 반도체 설계 이지만 다양한 교육이 개설되어 다양한 프로젝트와 분야에 대해 배울수 있지만, 실제로 실무적인 부분이 약하며, 대학교 5학년 느낌이 강했고, 교육의 깊이가 깊지 않고 다양하게 배우는 부분에 대해서 부족하다고 느낌, 하지만 교육 시간은 길기 때문에 더욱 얇다고 느껴짐, 실제로 면접을 봤을 시 주로 질문이 교육 기간동안 너무 많은 과목을 수강한건 아닌지, 그럼 그 배웠던 교육의 깊이는 어떠한지 에 대한 질문을 받았으며 깊지 않은 교육이므로 면접시 실제로 부족한 부분이 많았음",[Harman] 세미콘(semiconductor) 아카데미-반도체 설계
AIG20220000412370,158,3.6,저의 흥미분야를 탐색하고 이 분야로 취직할수 있을지에 대해 비교적 짧은 기간으로 알수 있어서 좋은 경험이었습니다,[Harman] 세미콘(semiconductor) 아카데미-반도체 설계
AIG20220000412370,159,3.6,노력한만큼 얻는게 많은 교육입니다. 적극적일수록 만족스러운 7개월이 될 듯 합니다.,[Harman] 세미콘(semiconductor) 아카데미-반도체 설계
AIG20220000412370,160,3.6,"많은 과목을 배우기 때문에 자신이 아직 시간이 많고(젊고), 뭘 해야할지 모르겠다면 반도체와 임베디드 분야에 대해서 견문을 넓히고 운이 좋다면 적성에 맞는 분야를 찾기에는 좋은 교육 과정이라고 생각한다. 거꾸로 얘기하면 취업이 급하고 본인이 배우고자 하는 분야가 확고하다면 해당 분야만을 전문적으로 교육해주는 교육 과정을 듣는게 더 낫다고 생각한다. 본인의 경우엔 뭘 해야할지도 몰라 일단 수업을 열심히 따라갔고, 따라가다 보니 하고 싶은 직무를 찾았고, 그 방향으로 취업을 준비하고 있지만, 해당 방향과 동떨어진 과목에 투입되는 시간이 많아 시간이 조금 아깝다고 느껴졌다. 그것과는 별개로 C언어를 제외한 모든  교수님들이 해당 분야의 전문가라 배울 때에는 국비교육이라고는 생각되지 않을 정도로 굉장히 좋은 퀄리티의 강의를 들을 수 있어 강의의 질 만큼은 매우 만족스럽다.",[Harman] 세미콘(semiconductor) 아카데미-반도체 설계
AIG20220000412370,161,3.6,"말도 많고 탈도 많았던 교육이고, 7개월 듣고 머리에 남은 게 거의 없다는 생각이 들지만 이쪽 분야로 진로 설정을 더 확고하게 하게 된 계기였던 훈련이라고 생각합니다. 부디 다음 기수부터는 교육 퀄리티가 보장된 Verilog 강사님이 오시면 좋겠습니다.",[Harman] 세미콘(semiconductor) 아카데미-반도체 설계
AIG20220000412370,162,3.6,"학부생들에 비하면, 배운것이 많아 취업에 유리한것 같긴 합니다만, 너무 많은걸 짧은시간에 배우다보니까, 이도저도 아닌 느낌이 강했습니다. 차라리 한 직무 (이번기수에는 soc rtl설계로 지원한다는 인원이 많은걸로 압니다.)를 정해서 그 직무에 집중된 커리큘럼으로 짜서 교육을 해주셨으면 어땠을까 합니다.",[Harman] 세미콘(semiconductor) 아카데미-반도체 설계
AIG20220000412370,163,3.6,인터넷이 수시로 끊기고 10년 넘은 구형 컴퓨터로 고성능 프로그램을 돌려야 하는 상황만 참을 수 있다면 괜찮음. 추천!,[Harman] 세미콘(semiconductor) 아카데미-반도체 설계
AIG20220000412370,164,3.6,"Layout, ORCAD, verilogHDL 등 다양한 부분을 배울 수 있었고, 새로운 직무로 나아갈 수 있도록 교육받을 수 있는 점이 좋았습니다. 다만 verilogHDL을 배우는 시간이 좀 더 길면 좋았겠습니다.",[Harman] 세미콘(semiconductor) 아카데미-반도체 설계
AIG20220000412370,165,3.6,학교에서 배울 수 없었던 것들을 배울 수 있어서 좋았습니다.,[Harman] 세미콘(semiconductor) 아카데미-반도체 설계
AIG20220000412370,166,3.6,많은 부분을 배울 수 있어서 좋았습니다.,[Harman] 세미콘(semiconductor) 아카데미-반도체 설계
AIG20220000412370,167,3.6,훈련과정을 통해 직무 경험은 쌓았지만 취업은 아쉽다.,[Harman] 세미콘(semiconductor) 아카데미-반도체 설계
AIG20220000412370,168,3.6,학부때 배우지 못했던 것들을 배울 수 있었던 유익한 시간이었습니다.,[Harman] 세미콘(semiconductor) 아카데미-반도체 설계
AIG20220000412370,169,3.6,고생하셨습니다,[Harman] 세미콘(semiconductor) 아카데미-반도체 설계
AIG20220000412370,170,3.6,학생들의 요청/불만 사항들을 다음 기수에 반영해서 운영하면 더 좋은 교육이 될 것 같습니다.,[Harman] 세미콘(semiconductor) 아카데미-반도체 설계
AIG20220000412370,171,3.6,반도체에 대한 많은 지식을 배울수 있어서 좋았습니다.,[Harman] 세미콘(semiconductor) 아카데미-반도체 설계
AIG20220000412370,172,3.6,"이번 훈련 덕분에 디지털 회로설계에 대해서 자신감도 생기고, 어떻게 설계 Flow가 진행되는지 알게 되어서 좋았습니다",[Harman] 세미콘(semiconductor) 아카데미-반도체 설계
AIG20220000412370,173,3.6,"교육신청자 중에서 전기/전자공학과 출신 애들만 되도록이면 뽑았으면 좋겠네요
비전공자는 실제 회사에서도 채용하질 않습니다.",[Harman] 세미콘(semiconductor) 아카데미-반도체 설계
AIG20220000412370,174,3.6,"배우는건 정말 많습니다.
임베디드 / 반도체설계,검증 / 하드웨어 분야 취업 가능",[Harman] 세미콘(semiconductor) 아카데미-반도체 설계
AIG20220000412370,175,3.6,하만 세미콘 아카데미에 참여하여 많이 배우고 진로와 적성을 찾는데 많은 도움을 받았습니다.,[Harman] 세미콘(semiconductor) 아카데미-반도체 설계
AIG20220000412370,176,3.6,"교수님들께서 열정을 가지고 수업해주십니다.
사소한 것까지도 친절하게 설명해주시고 좋으십니다. 덕분에 많이 성장했습니다.",[Harman] 세미콘(semiconductor) 아카데미-반도체 설계
AIG20220000412370,177,3.6,회로설계 직무를 하기위해서 해당 지식이 필요한데 한국에서 배울방법이 대학원이나 국비교육 밖에없어서 회로설계 하고싶다면 어쩔수 없이 해야할 듯,[Harman] 세미콘(semiconductor) 아카데미-반도체 설계
AIG20220000412370,178,3.6,"하드웨어 업계에서 펌웨어 엔지니어로 직무 변환을 위해 수강했습니다. 코딩을 처음 접하는 사람도 충분히 따라갈 수 있을만큼 친절한 강사님들과 커리큘럼이었습니다.
다만 몇몇 학우들이 본인의 목적과 맞지 않는다고 수업에 참여하지 않을 때, 수업에 집중하는 학우들이 피해받는 경우가 종종 있어 이를 보완하는 의미에서 커리큘럼의 변화가 필요하다고 생각합니다.",[Harman] 세미콘(semiconductor) 아카데미-반도체 설계
AIG20220000412370,179,2.9,verilog hdl에 관해서 기초를 조금 가르쳐 주고 실습위주로 했으면 좋겠다.,[Harman] 세미콘(semiconductor) 아카데미-반도체 설계
AIG20220000412370,180,2.9,반도체 분야에 취업 할 수 있도록 교육과정을 잘 맞추어 주신 것이 많은 도움이 된 것 같습니다.,[Harman] 세미콘(semiconductor) 아카데미-반도체 설계
AIG20220000412370,181,2.9,"시스템 반도체 설계에 대해 접해볼 수 있었지만, 다소 강의 내용이 부실한 면이 있었다. 하지만 접해볼 수 있는 기회를 가질 수 있었기에 아쉽지만 만족한 교육이였다.",[Harman] 세미콘(semiconductor) 아카데미-반도체 설계
AIG20220000412370,182,2.9,역량을 기르고 도움이 되었습니다,[Harman] 세미콘(semiconductor) 아카데미-반도체 설계
AIG20220000412370,183,2.9,저한테는 이 교육은 필요했고 도움되는 과정이였습니다.,[Harman] 세미콘(semiconductor) 아카데미-반도체 설계
AIG20220000412370,184,2.9,많은 경험을 한 6개월이였습니다 그 동안 감사했습니다,[Harman] 세미콘(semiconductor) 아카데미-반도체 설계
AIG20220000412370,185,2.9,여러 분야 경험은 쌓을 수 있으나 범위가 넓어 집중적으로 전문가가 되기에는 어려움이 있다. 과목을 줄이고 교육시간을 늘린다면 최고의 훈련과정이 될 것 이다.,[Harman] 세미콘(semiconductor) 아카데미-반도체 설계
AIG20220000412370,186,2.9,밖에선 못 볼만한 프로그램 배우는 시간은 유익했습니다.,[Harman] 세미콘(semiconductor) 아카데미-반도체 설계
AIG20220000412370,187,2.9,혼자 공부하는것보단 낫다고 생각합니다.,[Harman] 세미콘(semiconductor) 아카데미-반도체 설계
AIG20220000412370,188,2.9,없습니다,[Harman] 세미콘(semiconductor) 아카데미-반도체 설계
AIG20220000412370,189,2.9,내가 배우고 싶은 분야는 약 6개월 기간 중에 3주 밖에 되지 않았고 그 3주로는 실무에는 전혀 도움이 되지 않아 취업 후 다시 배워야 한다. 그래서 반도체 설계라는 안에서 좀 더 세부적으로 직무를 구별하여 그 직무에서 필요한 수업과 과목의 실습이 필요하다고 생각한다.,[Harman] 세미콘(semiconductor) 아카데미-반도체 설계
AIG20220000412370,190,2.9,"취업을 하기 전에 직무에 대한 경험이 없었는데, 여러 과목을 배울 수 있어서 좋았습니다.",[Harman] 세미콘(semiconductor) 아카데미-반도체 설계
AIG20220000412370,191,2.9,verilog가 아쉽다.,[Harman] 세미콘(semiconductor) 아카데미-반도체 설계
AIG20220000412370,192,2.9,취업연계는 미흡,[Harman] 세미콘(semiconductor) 아카데미-반도체 설계
AIG20220000412370,193,2.9,"내가 무엇을 하고싶은지 모르겠다. 수강신청해도 좋습니다.
내가 베릴로그를 하고싶다. 수강신청하지 마세요.",[Harman] 세미콘(semiconductor) 아카데미-반도체 설계
AIG20220000412370,194,2.9,교육내용을 상세히 알아보고 자신에게 도움이 되는지 확인해볼것,[Harman] 세미콘(semiconductor) 아카데미-반도체 설계
AIG20220000412370,195,2.9,"하만 세미콘 아카데미에서 진행한 반도체 설계 교육을 수강하게 되었습니다. 반도체 산업에 대한 이해를 높이고, 설계 기술을 익히고자 했던 저에게 이 과정은 매우 유익한 경험이었습니다.

먼저, 교육 커리큘럼이 매우 체계적으로 구성되어 있다는 점이 인상적이었습니다. 기초부터 고급까지 단계별로 학습할 수 있어, 반도체 설계에 대한 전반적인 이해를 자연스럽게 쌓을 수 있었습니다. 특히, 이론과 실습이 적절히 배합된 방식이어서 이론적인 부분을 배우는 데서 그치는 것이 아니라, 직접 실습을 통해 배운 내용을 확인하고 응용할 수 있었습니다.

또한, 강사님들의 전문성과 경험이 돋보였습니다. 반도체 산업에서 오랜 경력을 쌓으신 분들이 실무 경험을 바탕으로 수업을 진행해 주셔서, 이론적인 내용뿐만 아니라 실무에서 마주칠 수 있는 다양한 문제 해결 방법과 팁도 함께 배울 수 있었습니다. 특히, 복잡한 개념들을 쉽게 설명해 주셔서 이해가 어려운 부분도 차근차근 따라갈 수 있었습니다.",[Harman] 세미콘(semiconductor) 아카데미-반도체 설계
AIG20220000412370,196,2.9,재미있었습니다.,[Harman] 세미콘(semiconductor) 아카데미-반도체 설계
AIG20220000412370,197,2.9,좀 더 열심히 하지 못해 아쉬움,[Harman] 세미콘(semiconductor) 아카데미-반도체 설계
AIG20220000412370,198,2.9,.,[Harman] 세미콘(semiconductor) 아카데미-반도체 설계
AIG20220000412370,199,2.1,"수업의 퀄리티는 최상이라고 생각합니다. 하지만 충남인력개발원 내에서는,초반엔 본 교육의 수강생분들을 잘 챙겨주시고 관심도 가져주셨는데, 4달 정도 지난 시점부터 수업 해주시는 교수님을 제외하곤 저희에게 무관심 하다는 생각이 들었습니다. 특히 교육 담당 교수님께서 주말에 원한다면 공학관을 개방시켜주신다고 하셨는데, 나중엔 경비관 분들 추가 수당 문제로 안된다고 하시다가  저희가 직접 겨우 말해서 막바지에 주말에 공학관에 가서 추가적인 실습을 했었습니다. 이 점도 너무 아쉬웠습니다.",[Harman] 세미콘(semiconductor) 아카데미-반도체 설계
AIG20220000412370,200,2.1,감사합니다.,[Harman] 세미콘(semiconductor) 아카데미-반도체 설계
AIG20220000412370,201,2.1,다양한분야를 배울 볼 수 있는 기회여서 좋았고 접근하기 어려운 툴과 프로그램을 다뤄 볼 수 있었음.,[Harman] 세미콘(semiconductor) 아카데미-반도체 설계
AIG20220000412370,202,2.1,"900시간동안 고생많이 하셨습니다. 비록 아쉬움이 많이 남는 교육이였지만 그래도 해결하고자 노력하는 모습 보여주셔서 끝까지 완주 할 수 있었던거 같습니다. 다만, 아무래도 조금 오래되서 그런지 인터넷 환경은 많이 안좋습니다..참고하시길",[Harman] 세미콘(semiconductor) 아카데미-반도체 설계
AIG20220000412370,203,2.1,"국비교육에 너무 많은 것을 기대하지마세요. 반도체 설계 업계 상황과 직군의 현실에 대해서는 알 수 있지만, 이 교육만 가지고 취업할 수 있다는 기대만 하지 않는다면 괜찮은 것 같습니다",[Harman] 세미콘(semiconductor) 아카데미-반도체 설계
AIG20220000412370,204,2.1,"6개월동안 교육받으면서 verilog 나 임베디드분야와 ORCAD같은 회로설계분야에 대해 재대로 배우고가는느낌입니다. 다만 시설은 너무 안좋았습니다 여기에 7개월을 투자하라고 하기엔 시간이 아까움.
본인이 반도체설계를 하고 싶은데 IDEC이나 ETRI 교육에 떨어진 경우에만 수강하는게 맞는듯...
너무 잡다하게 3주단위로 여러가지를 배움 반도체설계에 직접 연관된 verilog나 layout보다
오히려 전자HW 쪽인 프로그래밍언어(C, C++ 등)을 배우는 시간이 더 길다.
그냥 verilog 기초 문법 정도는 알고 있다면 자일링스 저렴이 FPGA하나 구매해서
혼자서 UART, I2C정도 만들어보고 arm bus 공부하는게 더 취업에 도움이 된다고 생각한다.",[Harman] 세미콘(semiconductor) 아카데미-반도체 설계
AIG20220000412370,205,1.4,국비교육..잘 알아보고 하시길,[Harman] 세미콘(semiconductor) 아카데미-반도체 설계
AIG20220000412370,206,0.7,"님아, 이 교육을 듣지 마오!
차라리 다른 지역의 인력개발원 교육을 듣던지 아니면 아이덱 교육을 수강하세요!",[Harman] 세미콘(semiconductor) 아카데미-반도체 설계
AIG20220000412370,207,0.7,내 인생 최악의 국비교육........................,[Harman] 세미콘(semiconductor) 아카데미-반도체 설계
AIG20220000412370,208,0.7,인생의 원수에게 적극적으로 추천하는 강의,[Harman] 세미콘(semiconductor) 아카데미-반도체 설계
AIG20220000412370,209,0.7,좋았음.,[Harman] 세미콘(semiconductor) 아카데미-반도체 설계
AIG20220000412370,210,0.7,충남만 그렇는지는 잘 모르겠지만 도중에 실력없는 강사님 교체부터(3주전부터 말해도 소귀에 경 읽기) 2과정이 붕 떠서 문제가 많았다고 생각합니다. 좀 많이 아쉬웠습니다.,[Harman] 세미콘(semiconductor) 아카데미-반도체 설계
AIG20230000412815,1,5.0,"개발자 커리어를 시작하는데 큰 도움이 되었습니다
만약 수강하실분이있다면 강의는 길을 제시해줄 뿐 부족한 부분은 자신이 채워나가야한다는것을 생각하고
들으시면 빠른 진도에 적응하는데 도움이 될듯합니다",[Intel] 엣지 AI SW 아카데미
AIG20230000412815,2,5.0,"이 훈련 과정은 실전 경험을 강조하여 이론을 실무에 적용하는 데 도움이 되었습니다. 프로젝트 중심의 학습 환경은 실제 업무에 적응하는 데 큰 도움이 되었고, 피드백 메커니즘 덕분에 학습 과정을 쉽게 추적할 수 있었습니다. 업데이트된 콘텐츠를 통해 최신 기술 동향을 파악할 수 있어 더욱 가치 있었습니다.",[Intel] 엣지 AI SW 아카데미
AIG20230000412815,3,5.0,"아무것도 모르는 비전공자였지만 충분히 따라갈 수 있는 속도로 강의를 진행해주고, 향후 어떻게 자기개발을 해야하는지 배울 수 있었습니다. 감사합니다!",[Intel] 엣지 AI SW 아카데미
AIG20230000412815,4,5.0,"대한상공회의소 부산인력개발원 센터에서 학생들을 위한 지원을 아낌없이 해주시고, 학생들에게 도움이 될 수 있다면 뭐든지 지원해주셔서 열심히 수강할 슨 있었습니다.
비전공자도 수업에 따라갈 수 있도록 교수님들도 쉽고 상세하게 잘 알려주셔서 정말 유익하고 알찬 시간이었습니다.",[Intel] 엣지 AI SW 아카데미
AIG20230000412815,5,5.0,커리큘럼은 아쉬웠지만 유익한 시간이었던 것 같습니다.,[Intel] 엣지 AI SW 아카데미
AIG20230000412815,6,5.0,강사들의 전문성은 뛰어나다고 생각함. 특히 AI랑 임베디드가 섞여서 두 가지를 같이 알고 그걸로 프로젝트를 진행하는 것은 상당히 재밌고 매력적이었음. 그렇지만 전체적으로 학생들의 실력이 중구난방이라서 실력이 좀 있는 편인 사람들은 그 위의 고급단계를 기대하고 왔는데 거기까지 하지도 못 하고 프로젝트도 실력 낮은 친구들의 위주로 진행을 해야해서 좀 아쉬웠음. 그치만 프로젝트를 많이 이것저것 할 수 있게 하는 방식은 매우 좋다고 생각함.,[Intel] 엣지 AI SW 아카데미
AIG20230000412815,7,5.0,"교수님들도 너무 좋았고, 수강내용도 정말 좋았다고 생각합니다.  비전공자이지만 덕분에 취업해서 수료하게 되어 정말 기쁩니다. 
다만 한가지 아쉬운점은 강의실에 따른 컴퓨터의 성능이 다르다는걸 알았고, AI 관련해서 배울때 컴퓨터 성능에 따라 학습에 시간이 달라서 강의 시간을 조절하는데 지장이 있었을것 같습니다.  이 과정을 수료한것에 대해서는 정말 잘했다고 생각합니다.",[Intel] 엣지 AI SW 아카데미
AIG20230000412815,8,5.0,도움이 많이 되었습니다,[Intel] 엣지 AI SW 아카데미
AIG20230000412815,9,5.0,기본 개념과 실무 프로젝트의 경험을 쌓을 수 있어서 좋았습니다.,[Intel] 엣지 AI SW 아카데미
AIG20230000412815,10,5.0,교수님들이 친절하셔서 좋았다,[Intel] 엣지 AI SW 아카데미
AIG20230000412815,11,5.0,"긴 기간동안 고생해주신 교수님들, 개발원 교무처의 모든 분들께 감사드립니다. 덕분에 취업이라는 힘든 과정을 해낼 수 있었습니다. 너무 좋은 과정이었습니다. 감사합니다.",[Intel] 엣지 AI SW 아카데미
AIG20230000412815,12,5.0,취업 개꿀,[Intel] 엣지 AI SW 아카데미
AIG20230000412815,13,5.0,이번 훈련을 통해 실무에서 사용하는 기술을 직접 학습해가며 배울 수 있어서 좋았습니다.,[Intel] 엣지 AI SW 아카데미
AIG20230000412815,14,5.0,"강사님들이 열성적이고 학생들에게 진심으로 관심을 갖고 지원해줍니다.
이직을 위해 교육을 수강했는데, 충분히 만족스럽고 충실한 6개월이었습니다.
건물의 시설 관리가 잘 되고 있으며, 지원하는 장비의 경우 타 과정보다 높은 사양과 수량을 제공하고 있습니다.
고수준의 기술을 갖고 있는 기업들에서 인력 구인 요청이 오고, 이에 따라 혼자 취업 준비를 하는 것보다 더 좋은 직장에 대한 정보를 알아볼 수 있습니다.",[Intel] 엣지 AI SW 아카데미
AIG20230000412815,15,5.0,재미있었습니다.,[Intel] 엣지 AI SW 아카데미
AIG20230000412815,16,5.0,개발자가 되고 싶은 누구나 들을 수 있는 좋은 강의였습니다.,[Intel] 엣지 AI SW 아카데미
AIG20230000412815,17,5.0,"""학부과정만의 교육으로는 배움의 깊이나 양이 적었다."", ""내가 원하는 곳에 가려고 하니 '경험'이나 '포폴'에 대해 쓸 것이 없다."", ""전공을 살리고는 싶은데 어떻게 해야할지 모르겠다."" 등 이런 고민이 있다면 적극 추천합니다. 그리고 비전공자나 유사전공자도 각오만 확실하다면 수강할만 하다고 생각합니다. 
고용24 기재 기준으로 난이도가 5로 되어있는데, 그에 걸맞게 난이도는 있으니 너무 우습게 보진 말 것. 그리고 이게 무얼 하는 강의인지 감이 안오신다면 전화문의 꼭 해보시거나, 면접 시에 상세히 물어봐보세용. 잘 알려주십니다.",[Intel] 엣지 AI SW 아카데미
AIG20230000412815,18,5.0,"많은 기술과 지식, 경험을 얻을 수 있어서 좋았습니다. 강사님, 담임 교사님, 시설, 취업 지원 등 대부분의 부분에서 매우 만족했습니다.",[Intel] 엣지 AI SW 아카데미
AIG20230000412815,19,5.0,수업을 받으면서 많은걸 배웠습니다.,[Intel] 엣지 AI SW 아카데미
AIG20230000412815,20,5.0,우수한 교수님께 좋은 강의를 듣고 즉각적인 피드백을 받으면서 프로젝트 경험을 쌓아가는데 도움이 많이 됐습니다! 포트폴리오를 위해서라면 자발적인 대회 참가나 프로젝트 진행이 필요로 합니다.,[Intel] 엣지 AI SW 아카데미
AIG20230000412815,21,5.0,감사합니다,[Intel] 엣지 AI SW 아카데미
AIG20230000412815,22,5.0,임베디드 리눅스 등등에 대해 배울 수 있어서 좋았습니다.,[Intel] 엣지 AI SW 아카데미
AIG20230000412815,23,5.0,부족한 부분을 채울수있어 좋았다.,[Intel] 엣지 AI SW 아카데미
AIG20230000412815,24,5.0,좋은 강의들을 수 있어 감사했습니다.,[Intel] 엣지 AI SW 아카데미
AIG20230000412815,25,5.0,"담당선생님과 교수님들이 열정적으로 알려주시면서 자연스럽게 동기부여가 되고, 스스로 학습할 수 있도록 힘을 실어줘서 취업까지 해낼 수 있도록 도와주십니다. 감사합니다",[Intel] 엣지 AI SW 아카데미
AIG20230000412815,26,5.0,좋은 경험이었습니다.,[Intel] 엣지 AI SW 아카데미
AIG20230000412815,27,5.0,많은 기술을 습득하고 자신감이 생겼다.,[Intel] 엣지 AI SW 아카데미
AIG20230000412815,28,5.0,4학년 1학기에는 아는것이 거의 없었는데 이 과정을 통해서 많은것을 알수 있게되었습니다 정말로 유익한 시간이었습니다.,[Intel] 엣지 AI SW 아카데미
AIG20230000412815,29,5.0,"펌웨어, 영상처리, AI 등과 같은 다양한 기술들을 핵심적으로 학습할 수 있어서 좋았습니다. 또, 이러한 기술들들을 융합하여 공모전, 해커톤, 프로젝트에 활용하여 협업 경험은 물론 우수한 성적도 거둘 수 있었습니다.",[Intel] 엣지 AI SW 아카데미
AIG20230000412815,30,5.0,임베디드 개발자로써 커리어를 시작할 수 있어서 좋았습니다,[Intel] 엣지 AI SW 아카데미
AIG20230000412815,31,5.0,정말 유익한 강의였습니다.,[Intel] 엣지 AI SW 아카데미
AIG20230000412815,32,5.0,많이 배웠습니다. 감사합니다.,[Intel] 엣지 AI SW 아카데미
AIG20230000412815,33,5.0,"센터에서 지원도 많이 받을 수 있었고, 반의 공부 분위기도 잘 잡혀 있어 취업에 큰 도움이 되었습니다.",[Intel] 엣지 AI SW 아카데미
AIG20230000412815,34,5.0,알찬훈련,[Intel] 엣지 AI SW 아카데미
AIG20230000412815,35,5.0,"회사 실무 경력이 있지만 전문적인 지식이 부족한 상태였는데, 이번 과정을 통해 정식적으로 임베디드 업계에 다가섰다고 체감됩니다.",[Intel] 엣지 AI SW 아카데미
AIG20230000412815,36,5.0,직업훈련으로서 최선을 다해주신게 느껴져서 좋았습니다.,[Intel] 엣지 AI SW 아카데미
AIG20230000412815,37,5.0,이 교육을 통해 제 인생이 바뀌었습니다.,[Intel] 엣지 AI SW 아카데미
AIG20230000412815,38,5.0,이 강의를 수강하면서 비공자이지만 전공자와 비슷한 정도의 수준까지는 올라갈수있었던것 같습니다.,[Intel] 엣지 AI SW 아카데미
AIG20230000412815,39,5.0,의견 없음.,[Intel] 엣지 AI SW 아카데미
AIG20230000412815,40,5.0,좋은 교수님들 덕분에 많이 배웠습니다. 감사합니다.,[Intel] 엣지 AI SW 아카데미
AIG20230000412815,41,5.0,"지나고 보니 짧고 아쉬웠지만, 좋은 사람들 만나고 가는 과정이었습니다.",[Intel] 엣지 AI SW 아카데미
AIG20230000412815,42,5.0,"커리큘럼도 체계적으로 잘 짜여있었고, 훈련생이 많은 편이 아니라 개인별로도 잘 케어해주셨다.",[Intel] 엣지 AI SW 아카데미
AIG20230000412815,43,5.0,앞서 서술하였듯이 예전에 면접에서 만족스럽게 대답하지 못한 부분들을 이번 과정을 통해서 자세히 그리고 실전적으로 배워갈 수 있어서 너무 만족 했습니다. 또한 학부 과정에서 AI를 졸업 작품으로 진행하면서 학부 과정으로는 AI 설계는 더 긴 과정을 공부해야 가능할거라 생각하여 AI 분야는 저와 상관없다 생각했지만 이번 인텔 AI 솔루션인 OpenVino을 활용해 보며 다양한 분야에 Inferencing하는 부분은 사용할 수 있겠다는 자신을 얻을 수 있었습니다. 또한 수강생들에게 양질의 수업을 제공하기 위해 노력해주신 강사진분들과 행정직분들께 매우 감사드립니다.,[Intel] 엣지 AI SW 아카데미
AIG20230000412815,44,5.0,"하나부터 열까지 다 알려주신 교수님들, intel에서 오신 교수님들 모두 감사합니다. 마인드부터 형상관리, 프로젝트를 할 때의 순서 그리고 개발까지 많은 것을 배운 수업이었습니다. 물론 모든 것을 다 습득하려면 야근(?)이라는 자신의 개인시간을 더 투자하여서 습득을 해야하지만 결과적으로 큰 도움이 되어서 취업까지 연결된 것 같습니다. 감사합니다!",[Intel] 엣지 AI SW 아카데미
AIG20230000412815,45,5.0,"교육 과정에 있어서 강사님들이나 선생님들이 신경 많이 써주심
대학교때도 프로그래밍 배웠지만 실무와 가까운 공부와 프로젝트를 하고싶으면 수강 추천함",[Intel] 엣지 AI SW 아카데미
AIG20230000412815,46,5.0,실무적 능력을 키울 수 있는 좋은 기회였다.,[Intel] 엣지 AI SW 아카데미
AIG20230000412815,47,5.0,임베디드라는 새로운 길에 눈을 뜨게 만들어줬다. 그런데 깊게 공부하기 위해서 신청한다면  실망스러울수도 있다.,[Intel] 엣지 AI SW 아카데미
AIG20230000412815,48,5.0,정말 좋은 강의였습니다. 다양한 점을 폭넓게 배우고 많은 팀프로젝트를 진행할 수 있어서 좋았습니다. 다만 팀 프로젝트의 시간이 좀 짧게 느껴졌습니다. 수를 한두개 줄이더라도 다른 프로젝트의 질을 높일 수 있으면 좋을 것 같습니다.,[Intel] 엣지 AI SW 아카데미
AIG20230000412815,49,5.0,"수강 이전에는 어디가서 임베디드 개발자라고 말하고 다니는 것을 주저했는데,
지금은 당당하게 임베디드 개발자라고 말할 수 있어서, 정말 소중한 기회였다.",[Intel] 엣지 AI SW 아카데미
AIG20230000412815,50,5.0,다양한 프로젝트 경험으로 취업에 도움이 되었습니다.,[Intel] 엣지 AI SW 아카데미
AIG20230000412815,51,5.0,AI에 대해 배우고 활용해 볼 수 있어서 좋았습니다.,[Intel] 엣지 AI SW 아카데미
AIG20230000412815,52,5.0,임베디드를 처음 배워보고자 하는 분들에게는 안성맞춤의 강의라고 생각합니다.,[Intel] 엣지 AI SW 아카데미
AIG20230000412815,53,5.0,감사합니다! 너무 좋았습니다,[Intel] 엣지 AI SW 아카데미
AIG20230000412815,54,5.0,배운게 많았고 재밌었다,[Intel] 엣지 AI SW 아카데미
AIG20230000412815,55,5.0,6개월이라는 길다면 길고 짧다면 짧은 시간 동안 많은 것을 배울 수 있어서 좋았습니다,[Intel] 엣지 AI SW 아카데미
AIG20230000412815,56,5.0,"임베디드 SW에 대한 이해와 배선을 처리하는 하드웨어 이해 모두 챙길 수 있고, 다양한 강사님들과 여러 분야를 학습하고 프로젝트를 진행하며 실무 경험을 쌓았습니다. 담당 선생님이 인적 관리를 열심히 해주셔서 교육과정에 집중할 수 있었습니다.",[Intel] 엣지 AI SW 아카데미
AIG20230000412815,57,5.0,"아마 많은 전공자 및 비전공자들이 이 교육과정을 들으러 올 것입니다. 참고로 저는 컴퓨터와는 다른 계열의 공학 전공자로 참여를 하였습니다. 임베디드 분야로 나아가고 싶다면 그에 준하는 준비를 하셔야합니다. 센터에서 강의하는것 말고도 스스로 준비해야 할 것이 매우 많습니다. 강의 초반에 교수님들께서 주말과 약속을 모두 반납하고 6개월간은 이 교육과정에 온 힘을 다해야 할 것이라고 하시는데 그 말이 맞습니다. 그렇게 하신다면 분명 좋은 분야로의 취직은 물론 더 많은 지식과 역량을 갖추실 수 있을겁니다. 참고로 강소 이상의 취업을 원하시는 분들이시라면 코테 준비는 필수입니다. 물론 프로젝트도 열심히 준비하셔야 합니다. 프로젝트가 성공적으로 갖춰져야 이력서 서류 통과가 가능해지고 코테를 통과해야지 면접으로 이어질 수 있습니다.
 이 강의는 임베디드 역량의 기초와 심화 과정을 키워주는데 많은 도움이 됩니다. 참여하시는 분들이 많은 것을 알아가고 역량을 높여 좋은 곳에 취업을 하면 좋겠습니다.",[Intel] 엣지 AI SW 아카데미
AIG20230000412815,58,5.0,"이 과정을 수료하여 개인 역량을 많이 키웠고, 그 역량을 바탕으로 원하는 바를 이룰 수 있었습니다.",[Intel] 엣지 AI SW 아카데미
AIG20230000412815,59,5.0,뭘 해야 할지 아무것도 모르는 상태였는데 6개월만에 취업하게 만들어주셨습니다. 감사하고 기억에 남을 것 같습니다.,[Intel] 엣지 AI SW 아카데미
AIG20230000412815,60,5.0,"원하는 직무에 지원할 만한 전공지식과 경험이 부족한 탓에 막막함을 느꼈었는데, 본 훈련과정에서 공부하면서 제게 부족했던 점들을 해결할 수 있었습니다.
특히나 프로젝트 수행을 위한 공간, 자재, 피드백 등을 제공받을 수 있다는 점이 본 훈련과정의 장점이라고 생각합니다.
본 훈련과정에서 저희의 배움 및 취업을 위해 도움을 주신 모든 교수님께 감사의 말씀을 드립니다.",[Intel] 엣지 AI SW 아카데미
AIG20230000412815,61,5.0,"이번 교육과정을 통해 제 자신의 기본 역량과 프로젝트 설계 능력이 눈에 띄게 향상되었습니다.
학부 시절 졸업 프로젝트를 진행할 때는 프로젝트 계획 수립부터 필요 요소 파악, 파일 구조 설계, 팀원 간 역할 분배에 이르기까지 모든 과정에서 상당한 어려움을 겪었던 기억이 있습니다. 당시에는 체계적인 접근 방법을 몰라 시행착오를 반복하며 많은 시간을 소모했습니다.
하지만 이번 교육과정에서 다양한 프로젝트를 직접 수행하면서 이러한 문제들을 실전을 통해 체계적으로 학습할 수 있었습니다. 특히 개인 프로젝트에서는 부품 선정부터 설계, 제작, 개발에 이르는 전체 프로세스를 혼자서도 자연스럽게 진행할 수 있게 되었습니다. 예전에는 막막하게 느껴졌던 작업들이 이제는 단계별로 명확하게 보이고, 각 단계에서 무엇을 해야 할지 구체적으로 알 수 있게 되었습니다.
솔직히 이런 실무 중심의 교육을 학부 시절에 미리 경험했다면 얼마나 좋았을까 하는 아쉬움도 있습니다.",[Intel] 엣지 AI SW 아카데미
AIG20230000412815,62,5.0,"저는 HW에 대한 지식이 전혀 없는 상태에서 훈련을 시작하였습니다. 그런데도 선생님들께서 많이 알려주시고, 도와주셔서 정말 많은 지식을 얻었습니다. 임베디드에 관한 많은 분야들을 알 수 있었고, 그중에서 저와 잘 맞는 재밌는 분야를 찾았습니다. 이 훈련과정을 통해서 제가 찾고 있었던 저의 방향성을 찾게 되었습니다.",[Intel] 엣지 AI SW 아카데미
AIG20230000412815,63,5.0,이 훈련과정을 거치며 개발자로서의 역량을 확고히 다지는 시간이 되었다. 이를 발판으로 다 능력있는 개발자로 나아갈수 있을거 같다.,[Intel] 엣지 AI SW 아카데미
AIG20230000412815,64,5.0,강의도 만족스럽고 그 외의 부분들도 괜찮습니다,[Intel] 엣지 AI SW 아카데미
AIG20230000412815,65,5.0,"해당 교육과정을 진행 하면서 AI에 관련된 부분에 대해서도 많이 알게 되었고 임베디드와 관련해서도 많은 것을 알 수 있었습니다. 
프로젝트를 통해서 직무 역량을 높일 수 있었고, 특히 하드웨어 환경에서 센서들을 동작시키는 과정에서 문제 해결 능력을 크게 향상시킬 수 있었습니다.

또한, 프로젝트를 진행하면서 막연하게만 생각하였던 Git을 사용해보면서 형상관리를 직접 경험할 수 있었고, 이를 통해 코드 변경 이력 관리와 협업의 효율성이 얼마나 중요한지 깨달을 수 있었습니다.

담당선생님과 담당교수님들의 많은 관심과 노력으로 인해 즐거운 교육과정이었습니다. 노고에 감사드립니다.",[Intel] 엣지 AI SW 아카데미
AIG20230000412815,66,5.0,"리눅스 bsp , IOT 과정은 좋았습니다. 다만 중간중간에 너무 짜잘한 수업이 많았습니다. 그걸 안하던지 아니면 다른 수업에 흡수시키던지 해서 강사님들이 너무 자주바뀌지않게 해주셧으면 좋겟습니다",[Intel] 엣지 AI SW 아카데미
AIG20230000412815,67,5.0,실무 현업에 대해서 막연했는데 훈련과정을 통해 어느정도 윤곽이 잡혔습니다. 물론 실무에 들어가면 깊이가 다르겠지만 그래도 어느정도 배움을 통해서 빠르게 적응해나갈 수 있지 않을까라고 생각이 듭니다.,[Intel] 엣지 AI SW 아카데미
AIG20230000412815,68,5.0,취업에 도움이 되는 지식을 배울 수 있어서 좋았습니다.,[Intel] 엣지 AI SW 아카데미
AIG20230000412815,69,5.0,"임베디드와 AI분야 둘 다 관심이 있으시면 수강 하셔도 좋을 것 같습니다. 하지만 관심 분야가 명확하게 정해졌다면 다른 교육 과정을 수강 하시는 것이 좋을 것  같습니다. 교수님, 담당 선생님 모두 좋으신 분들이고, 열정적으로 지도해주십니다. 교육 기간 동안 열심히 하신다면 좋은 결과 있을 것 이라고 생각이 듭니다.",[Intel] 엣지 AI SW 아카데미
AIG20230000412815,70,5.0,다양한 분야의 기술들을 접해볼 수 있어서 직무를 선택하는데 도움이 되었습니다.,[Intel] 엣지 AI SW 아카데미
AIG20230000412815,71,5.0,다양한 사람들과 프로젝트를 진행하며 실무 능력과 의사소통 능력을 강화할 수 있는 기회가 되었다,[Intel] 엣지 AI SW 아카데미
AIG20230000412815,72,5.0,"기초 지식부터 최종 프로젝트까지 단계별 성장이 눈에 띄게 보였고, 점진적인 실력 향상에 매우 흡족한 교육 과정이였습니다.",[Intel] 엣지 AI SW 아카데미
AIG20230000412815,73,5.0,"1. 교수님께서 전문적으로 수업을 지도해 주셨고, 수업 과정에서 배운 내용을 응용해 진행한 스터디가 정말 많은 도움이 되었습니다.
스터디는 본인뿐만 아니라 함께하는 동료들도 함께 성장할 수 있는 좋은 기회입니다.
결과적으로 프로젝트의 퀄리티 향상에도 큰 도움이 되므로 적극 추천드립니다.

2. 프로젝트를 시작하기 전 비교적 여유로운 시기를 활용해 스터디 참여, 개인 프로젝트 진행, 자격증 준비(정보처리기사·리눅스마스터), 오픽 공부 등 다양한 활동을 해보시길 추천드립니다.

3. 프로젝트는 총 4회 진행되며, 미리 아이디어를 생각해 두고 과정 중에 꾸준히 준비한다면 훨씬 수월하게 진행할 수 있습니다.",[Intel] 엣지 AI SW 아카데미
AIG20230000412815,74,5.0,노력한만큼 대가가 큰 것 같습니다. 본인이 한 만큼 성과를 얻을 수 있습니다.,[Intel] 엣지 AI SW 아카데미
AIG20230000412815,75,5.0,더 좋은 곳으로 취직하기위한 교육으로 좋은 시간을 가졌다,[Intel] 엣지 AI SW 아카데미
AIG20230000412815,76,5.0,많은 프로젝트와 역량을 쌓을 수 있는 과정이다.,[Intel] 엣지 AI SW 아카데미
AIG20230000412815,77,5.0,열심히 한 만큼 나온것 같다,[Intel] 엣지 AI SW 아카데미
AIG20230000412815,78,5.0,"현재 자신의 포트폴리오에 임베디드 SW, 리눅스BSP, AI 등의 주제를 보충하고 싶다면 해당 인텔 Edge AI SW 아카데미 교육과정을 추천합니다. 이어서 수업량, 프로젝트, 취업준비, 스터디, 분위기 측면에서 전반적인 수강 후기를 작성해보겠습니다.

1. 수업 분량이 많고 실습 및 과제를 매일 쳐내는 데 하루 24시간이 부족합니다.(더 정확히 말하면, 평일의 교육이 끝난 오후 5시부터 잠들기 전까지 시간 만으로는 부족합니다) 나중에 몰아서 복습하는 것이 불가능합니다. 반드시 그날 배운 내용은 반드시 그날 완전히 혹은 최대한 많이 내 것으로 만들어야 합니다. (입교식 첫 날, '교육기간 6개월 간 고3의 생활 및 마음가짐으로 임해야 한다'는 센터장님 등의 조언을 새겨들어야 합니다)

2. 매일 매일 수강 내용을 최대한 습득 했다면, 프로젝트 진행 시, 그 간 배운 내용보다 한 단계 더 깊은 수준의 목표를 설정해 도전을 많이 할수록 취업에 유리하다고 생각합니다. 추후  회사 면접에서 단순하게 특정 개념, 이론의 사용 여부를 묻는 것을 넘어 해당 내용을 어디까지 고민해보고 사용했는지 물어봅니다. 또한 이전 기수들의 학생들의 프로젝트가 누적되어있기 때문에 대부분의 프로젝트 주제는 이미 구현된 것들입니다.

3. 꾸준한 시간을 들여야 하는 일들을 미리 일정을 세워 꾸준히 조금씩 준비하면 좋겠습니다. 예를 들어 적성검사, 코딩테스트, 그리고 인터넷에서 구할 수 있는 면접 질문 모음 중 꾸준한 시간을 공들여야만 답할 수 있는 항목들을 선별해 교육 과정 초기부터 준비하시면 취업의 폭이 훨씬 넓어질 것으로 생각합니다.

4. 동기들과 스터디를 진행하면 개개인의 실력이 상승할 뿐만 아니라 동기들의 실력이 상향 평준화로 인해 결국 프로젝트의 질이 향상될 겁니다. 수업내용의 스터디, 코테 등 각자 마음 맞는 분들끼리 함께 공부하면 좋습니다. 저는 동기들과 코딩테스트 스터디를 했습니다.

5. 제가 참여한 기수에서는 수업 및 실습 진행 시 속도가 더딘 친구들을 위해 힌트를 공유하거나 도움을 줘서 함께 성장하는 분위기였습니다.

마지막으로 매일 매일의 수업 내용은 Notion, 블로그, GitHub 등에 꾸준히 정리하시길 권장 드립니다. 추후 취업 활동에 큰 무기가 됩니다.",[Intel] 엣지 AI SW 아카데미
AIG20230000412815,79,5.0,힘든점도 있었지만 재미있고 취업해야겠다,[Intel] 엣지 AI SW 아카데미
AIG20230000412815,80,5.0,"인상적 이였던 수업입니다. 무언가를 만들어 볼 수 있는 프로그래밍의 단편적인 지식이 아닌 ""숲을 볼 수 있는 과정"" 한계가 느껴진다면 이 과정을 통해 그 한계를 극복 할 수 있을 것 입니다!",[Intel] 엣지 AI SW 아카데미
AIG20230000412815,81,5.0,"학과 교수님들은 경험과 열정과 사랑으로 강의해주셨고, 담임교수님은 친절함과 성실함으로 학생들을 전과정동안 캐어 해주셨습니다. 비전공자라도 열심히 노력하면 충분히 따라갈수 있는 과정이었고, 끝까지 놓치지 않고 따라갈수만 있다면, 취업확률을 몇배나 끌어 올려주는 과정이었습니다. 하지만 코딩을 전혀 모르는 사람은 다른 사람보다 두세배 노력해야 진도를 따라가 수 있는 과정이라고 생각됩니다.

고민하시는 분들이 계시다면 꼭 등록하셔서 끝까지 최선을 다해 공부한다면 무난히 취업까지 달성할수 있으리라 생각됩니다.",[Intel] 엣지 AI SW 아카데미
AIG20230000412815,82,5.0,"과목 하나하나가 다 중요하고, 과목에서 배웠던 경험이 있으니 취업할 때 배운 능력들을 잘 활용할 수 있을 거 같다..",[Intel] 엣지 AI SW 아카데미
AIG20230000412815,83,5.0,임베디드 펌웨어에 방향도 못 잡고 막연하게 해야겠다 생각만 했었는데 해당 과정을 들으면서 방향 및 내가 해야할 일을 찾을 수 있었고 덕분에 취업 준비까지 잘 마칠 수 있었습니다. 기간이 짧으면서도 길게 느껴질텐데 과정을 잘 따라가면서 정리를 잘 해두고 내가 뭘 해야할지 꾸준히 고민해보면 좋은 결과 있을 거라고 생각합니다,[Intel] 엣지 AI SW 아카데미
AIG20230000412815,84,5.0,https://velog.io/@mommers/Intel9th,[Intel] 엣지 AI SW 아카데미
AIG20230000412815,85,5.0,많이 배워가는 기회가 된 것 같습니다.,[Intel] 엣지 AI SW 아카데미
AIG20230000412815,86,5.0,본인의 의지만 있다면 많은것을 배워 갈 수 있습니다!,[Intel] 엣지 AI SW 아카데미
AIG20230000412815,87,5.0,제 인생에서 가장 의미 있는 시간이었습니다. 저에게 맞는 분야를 정확히 찾게 되었고 또 교육을 통해 정말 많이 배울 수 있는 시간이었습니다. 최고입니다.,[Intel] 엣지 AI SW 아카데미
AIG20230000412815,88,5.0,신입 임베디드 개발자로 취업을 위한 기반을 다질 수 있었다.,[Intel] 엣지 AI SW 아카데미
AIG20230000412815,89,5.0,"실무위주 프로젝트, 실습들로 빠르게 실력을 키울 수 있습니다. 본인의 의지가 있다면 더 성장할 수 있습니다.",[Intel] 엣지 AI SW 아카데미
AIG20230000412815,90,5.0,"900시간의 교육이 정말 짧다고 느껴질 정도로 배울 내용이 많았고 앞으로의 방향성도 어떤식으로 가져갈 수 있을지 많이 배웠습니다.

관련직종 경험이나 해당 과가 아니어서 평생 배울 수 없을 것이라고 생각했던 분야인데 쉬운 길은 아니지만 평소 개발자분야에 관심이 있고 열정만 있다면 누구나 도전할 수 있도록 교육도 쉽게 잘 알려주시고 지도해주십니다.

늘 적극적으로 도와주시고 지원해주신 교수님들께 진심으로 감사드립니다!",[Intel] 엣지 AI SW 아카데미
AIG20230000412815,91,5.0,임베디드에 관심이있으시면 수강해보세요!,[Intel] 엣지 AI SW 아카데미
AIG20230000412815,92,5.0,교육 과정 전반에 대해서는 매우 알차게 구성 되어있다. 비전공자로서 처음에는 따라가기 힘들었지만 개인 노력 여하에 따라 얼마든지 이 분야에 취업 가능할 정도로 실력이 향상될 수 있다.,[Intel] 엣지 AI SW 아카데미
AIG20230000412815,93,5.0,좋아요,[Intel] 엣지 AI SW 아카데미
AIG20230000412815,94,5.0,다들 으쌰으쌰해서 기술적으로 많이 배웠다.,[Intel] 엣지 AI SW 아카데미
AIG20230000412815,95,5.0,지도교수님이 끝까지 저희반을 위해 힘써주셔서 덕분에 취업에 자신감을 얻게 되었습니다,[Intel] 엣지 AI SW 아카데미
AIG20230000412815,96,5.0,임베디드 리눅스 및 펌웨어 개발에 관심이 많았는데 이 강의를 수강하면서 전반적으로 역량을 쌓은거 같아서 만족했다.,[Intel] 엣지 AI SW 아카데미
AIG20230000412815,97,5.0,너무 좋았습니다,[Intel] 엣지 AI SW 아카데미
AIG20230000412815,98,4.3,감사합니다.,[Intel] 엣지 AI SW 아카데미
AIG20230000412815,99,4.3,인공지능 및 펌웨어의 기초를 확실히 다질수 있었습니다.,[Intel] 엣지 AI SW 아카데미
AIG20230000412815,100,4.3,짧지않은시간이었지만 재밌게 잘 들었습니다.,[Intel] 엣지 AI SW 아카데미
AIG20230000412815,101,4.3,임베디드 관련 교육과 AI 교육을 동시에 받을 수 있어서 좋았습니다.,[Intel] 엣지 AI SW 아카데미
AIG20230000412815,102,4.3,좋았음,[Intel] 엣지 AI SW 아카데미
AIG20230000412815,103,4.3,자신만의 공부시간을 가질 수 있는 환경이 갖추어져 있어서 좋았다.,[Intel] 엣지 AI SW 아카데미
AIG20230000412815,104,4.3,"위에서 나쁜말은 했지만 점수도 후하게 줄 만큼 이래저래 좋은 과정이었습니다.
빨리 취업했음 좋겠다.",[Intel] 엣지 AI SW 아카데미
AIG20230000412815,105,4.3,"같이 있었던 수강생 분들 모두 좋았고, 특히 많은 도움을 주신 교수님들 감사합니다. 덕분에 취직도 성공하고 앞으로 나아 갈 수 있게 되었습니다.",[Intel] 엣지 AI SW 아카데미
AIG20230000412815,106,4.3,확실히 많은 것을 배울 수 있는 시간이 여서 너무 좋았습니다.,[Intel] 엣지 AI SW 아카데미
AIG20230000412815,107,4.3,"동기들도 교수님들도 정말 좋았습니다. 체력적으로 힘든 순간이 종종 있었지만 함께라서 끝까지 할 수 있었습니다. 기술적으로도 인간적으로도 많이 자랄 수 있는 기회였습니다.
비록 취업은 다른 기회가 생겨 이 분야로 하지 못했지만 이 경험을 좋게 봐주셔서 면접에도 붙었다고 생각합니다.",[Intel] 엣지 AI SW 아카데미
AIG20230000412815,108,4.3,학부 시절 접하기 어려운 내용을 알 수 있어서 좋았습니다.,[Intel] 엣지 AI SW 아카데미
AIG20230000412815,109,4.3,짧다면 짧은 시간동안 밀도 있는 수럽을 들 을 수 있어 좋았다,[Intel] 엣지 AI SW 아카데미
AIG20230000412815,110,4.3,프로젝트를 통해 배운 지식을 활용하는데에 너무 재밌었고 수강생들끼리 위쌰의쌰해서 새로운것울 공부하는데에 좋은 분위기가 형성되었던것 같습니다,[Intel] 엣지 AI SW 아카데미
AIG20230000412815,111,4.3,"덕분에 서로를 공감하고, 정보를 공유할 수 있는 분들을 만나게 되어서 참 좋다.",[Intel] 엣지 AI SW 아카데미
AIG20230000412815,112,4.3,인텔 ai sw 아카데미에 참가해서 임베디드 시스템 개발자로서의 비전을 더 확고이 할수 있었던 계기가 되었음.,[Intel] 엣지 AI SW 아카데미
AIG20230000412815,113,4.3,모든 수업내용이 좋았다라고 말하긴 힘들지만 펌웨어 개발이나 프로젝트 설계 역량이 많이 향상된 것 같았습니다. 프로젝트를 함에 있어서 교수님들의 많은 지도와 열의 덕분에 성장하고 간다는 느낌을 받았습니다. 취업을 해서도 인텔 엣지 AI에서 들었던 내용이 쓰일 날이 오리라 생각합니다.,[Intel] 엣지 AI SW 아카데미
AIG20230000412815,114,4.3,감사했습니다,[Intel] 엣지 AI SW 아카데미
AIG20230000412815,115,4.3,.,[Intel] 엣지 AI SW 아카데미
AIG20230000412815,116,3.6,감사합니다,[Intel] 엣지 AI SW 아카데미
AIG20230000412815,117,3.6,김x현 교수님 수업 정말 열심히 듣고 적용하면 좋은 결과 있을 것 같습니다.,[Intel] 엣지 AI SW 아카데미
AIG20230000412815,118,3.6,SW와 HW를 배울 수 있는 좋은 시간이었다.,[Intel] 엣지 AI SW 아카데미
AIG20230000412815,119,3.6,임베디드 리눅스에 대해 배울 수 있었어서 좋았음,[Intel] 엣지 AI SW 아카데미
AIG20230000412815,120,3.6,실무에 관련된 공부를 다양하게 접하고 공부할 수 있어 좋았습니다.,[Intel] 엣지 AI SW 아카데미
AIG20230000412815,121,3.6,"아무나 들어올 수 있다는게 장점이자 단점, 그래도 교육 내용 자체나 수료 이력 등은 이력서와 포트폴리오로서 분명 도움이 된다. 사실 들어오기 전 목표는 이룬 것 같다. 다만, 더 많은 것을 놓친 아쉬움이 남는다.",[Intel] 엣지 AI SW 아카데미
AIG20230000412815,122,3.6,좋은 수업이었습니다,[Intel] 엣지 AI SW 아카데미
AIG20230000412815,123,3.6,좋은 사람들을 많이 알아갈 수 있는 자리인 것 같다,[Intel] 엣지 AI SW 아카데미
AIG20230000412815,124,3.6,9개월간 고생한 보람이 있는 강의입니다.,[Intel] 엣지 AI SW 아카데미
AIG20230000412815,125,3.6,다양하게 배워서 좋았다,[Intel] 엣지 AI SW 아카데미
AIG20230000412815,126,3.6,많은 걸 배울 수 있었어요.,[Intel] 엣지 AI SW 아카데미
AIG20230000412815,127,3.6,기초가 없는상황에서 계속 진행이되니 어려움이 있었으나 피드백을 계속해줘서 그나마 따라갈수있었습니다 이론을 좀더 자세히 알려줘도 좋을것 같습니다,[Intel] 엣지 AI SW 아카데미
AIG20230000412815,128,3.6,전반적으로 저 일부 개선점만 고쳐지면 90/100 정도를 줄만큼 매우 좋았을 것이다. 누구에게나 추천할 수 있을 정도로. 단점들이 좋은 점을 다 깎아먹은 게 문제.,[Intel] 엣지 AI SW 아카데미
AIG20230000412815,129,2.9,많은 사람들 좋은사람들을 알아갈수 있는 좋은 교육과정이였으나 서울권에 집중되어있는 각종혜택과 지원 취업연계는 개선되어야 할것같다. 파주시에도 여러가지 혜택과 지원들이 늘어났으면 하는 바람이다,[Intel] 엣지 AI SW 아카데미
AIG20230000412815,130,2.9,만약 자신이 임베디드와 AI 중에 진로를 고민한다면 들어볼만하다. 만약 자신이 임베디드와 AI중 진로를 정했다면 그것만 하는 수업을 듣기를 바란다. 시간표와 커리큘럼은 거의 지켜지지 않았고 모집에 써있던 드론을 이용한 영상처리라든가 스마트거치대 이런건 없었다고 보면된다. 그리고 인텔관련 협력회사 채용연계와 채용설명회는 없다 보면 된다. 교수님들과 같이 수업듣는 학생분들은 좋았다.,[Intel] 엣지 AI SW 아카데미
AIG20230000412815,131,2.9,교수님들 깊게까지는 잘 몰라요 공부하기는 좋아요,[Intel] 엣지 AI SW 아카데미
AIG20230000412815,132,2.9,"AI, 이미지 프로세싱, 리눅스, 임베디드 두루두루 맛보고 싶은 사람들에게 추천. 자신의 직무를 확고하게 결정한 사람들에게는 비추천.",[Intel] 엣지 AI SW 아카데미
AIG20230000412815,133,2.9,가르쳐 주셔서 감사합니다.,[Intel] 엣지 AI SW 아카데미
AIG20230000412815,134,2.9,없습니다,[Intel] 엣지 AI SW 아카데미
AIG20230000412815,135,2.9,"문제가 없었던 것은 아니지만
함께 공부할 사람과 포트폴리오를 만드는데 큰 도움이 되었습니다.
취업 연계도 꾸준히 지속적으로 해줘서 도움이 많이 되었습니다.",[Intel] 엣지 AI SW 아카데미
AIG20230000412815,136,2.9,많은 현업에서의 기술을 살펴볼 수 있었어서 좋았다. :),[Intel] 엣지 AI SW 아카데미
AIG20230000412815,137,2.1,"강사들은 열정 있었지만, 학원은 열정이 없어보였다.",[Intel] 엣지 AI SW 아카데미
AIG20230000412815,138,2.1,"강사님들이 수업을 충실히 하셔서 추천을 합니다.  다만 일부는 취준생의 이력과 취업 선호에 대해 무관심하게 추천한다고 느꼈다.  강사님들은 친절하시고 좋으나 임베디드나 AI 외의 IT타분야에 대한 언급은 줄이고 편향적 정보를 준다는 느낌보다 객관적이거나 말을 아끼는 게 더 좋을 것 같다. 수강생 일부가 타IT분야의 web 지식의 난이도나 ,수입, 시장 동향에 대한 무지와 편견을 가지고 쉽게 발언한다고 느꼈다. 듣다 보니 임베전공자나 비전공자나 sw 기초 지식도 없는 사람들이었고.. 임베디드나 AI는 코드가 짧고 C 포인터가 들어가도 웹 국비보다 프로그래밍에 집중하는 시간이나 복잡도가 낮게 보이며, 해당 필드와 관련된 지식을 더 배우게 됩니다. 모든 IT 분야가 하다 보면 쉽거나 어려운 부분들이 나온다. 불안해서 유독 임베디드수업에서 타IT분야 비교하는 언급이 많이 나오는거 같은데,  모든 분야에 장단, 어려움이 있고 대부분 취업 전망도 비슷하니 비교하기 보다 자신이 더 관심 있는 분야로 선택하여 취준하고, 앞으로 수업 고르시는 분들도 참고가 되면 좋겠다.

추가로 막판 intel 강사님들도 잘 가르쳐 주셨습니다. 감사합니다.",[Intel] 엣지 AI SW 아카데미
AIG20240000459005,1,5.0,너무 좋음,AI 시스템반도체 설계
AIG20240000459005,2,5.0,"여기에 많은 선생님들이 저의 취업을 위해 도움을 주셨습니다. 특히 담임이셨던 권선일 선생님 덕분에 교육 끝나기 전에 취업을 할 수 있었고 늦은 나이와 비전공자임에도 불구하고 취업을 할 수 있었습니다, 감사합니다.",AI 시스템반도체 설계
AIG20240000459005,3,5.0,좋아요,AI 시스템반도체 설계
AIG20240000459005,4,5.0,"기회가 있다면 수강하지 않을 이유가 없다.
전문적인 교수님들이 자세하고 친절하게 설명해 주신다.
외부에서 이 정도의 교육을 수강하고 경험을 쌓기는 쉽지 않을 것 같다.

담임교수님(권선일교수님)이 학생들 생각을 정말 많이 해주신다.
과정 시작부터 과정 끝난 후 취업할때 까지 신경써주신다.",AI 시스템반도체 설계
AIG20240000459005,5,5.0,실무 중심의 교육으로 실력 향상에 매우 도움이 되었습니다.,AI 시스템반도체 설계
AIG20240000459005,6,5.0,"우선, 실무 경험을 갖고 계신, 교강사분들이 수업을 진행하여 매 수업 시간이 의미있었습니다. 그래서 과정 취지에 맞게 교육과정이 잘 이뤄졌습니다. 뿐만 아니라, 센터 분들께서 과정 중 불편사항이 생기면, 바로 해결할 수 있도록 해주셨고 덕분에 수업진행이 막힘없이 원활히 진행되었습니다. 특히나 지도교수님께서 7개월 매일 조회 및 종례를 진행하며 유의미한 정보 전달, 학생들 편의와 관련한 의견 수용등 열정적으로 지도해주셔서 과정 분위기가 매우 좋았고, 학생들 간 관계도 탈없이 모두가 긍정적으로 과정을 완수할 수 있었습니다.

교육 내용이 훌륭할뿐만 아니라, 과정에서 만난 인재, 좋은 인연들을 만들 수 있는 기회를 가질 수 있었고, 지도 교수님을 비롯하여 센터 분들 모두 항상 신경 써주셔서 첫 사회에 발을 딛는 청년 혹은 직종을 변경하기 위해 시도하는 이들에게 굉장히 좋은 시작점인 과정이라 생각합니다.

전체적으로 만족 그 이상을 느꼈던 교육과정입니다. 해당 과정을 사회에 나가는데 첫 시작점으로 삼은 것이 좋은 선택이라 느껴지는 과정이었습니다. 이러한 과정을 앞서 말한 것에 해당하는 분들이 적극적으로 참여할 수 있었으면 좋겠습니다.",AI 시스템반도체 설계
AIG20240000459005,7,5.0,커리큘럼이나 교육 내용에 대해서는 매우 만족하였습니다.,AI 시스템반도체 설계
AIG20240000459005,8,5.0,"980시간 동안 다양한 프로젝트를 경험하며 실무 역량을 크게 키울 수 있었습니다.
지도 교수님의 적극적인 피드백 덕분에 기술적인 능력뿐 아니라 학습 태도와 협업 역량도 향상되어 더욱 의미 있는 시간이었습니다.
여러 번의 팀 프로젝트를 통해 실제 현장에서 빠르게 적응할 수 있다는 자신감을 얻게 되어 매우 만족합니다.",AI 시스템반도체 설계
AIG20240000459005,9,5.0,정말 많은 도움이 됐습니다.,AI 시스템반도체 설계
AIG20240000459005,10,5.0,"학부과정에서 배우지 못했던 것들을 배울 수 있는 교육이었다.
예비 수강생들이 이 교육을 들을지 말지 고민한다면 주저없이 듣는 걸 추천한다.",AI 시스템반도체 설계
AIG20240000459005,11,5.0,많은걸 배워가는 시간이었다,AI 시스템반도체 설계
AIG20240000459005,12,5.0,취업준비하는데 있어 정말 뜻깊은 시간이였습니다. 실무에 좀 더 가까워져 도움이 된거같습니다.,AI 시스템반도체 설계
AIG20240000459005,13,5.0,해당 훈련과정을 통해 원하는 직무의 지원할 기반이 다질 수 있었습니다.,AI 시스템반도체 설계
AIG20240000459005,14,5.0,유익했어요.,AI 시스템반도체 설계
AIG20240000459005,15,5.0,실무 역량을 실질적으로 쌓을 수 있는 훈련과정 입니다.,AI 시스템반도체 설계
AIG20240000459005,16,5.0,"학교 수업에서 배울 수 없는 실무를 경험할 수 있고, 직접 팀 프로젝트를 진행하면서 협업 능력을 쌓을 수 있습니다",AI 시스템반도체 설계
AIG20240000459005,17,5.0,강사마다 교육의 수준의 차이가 심합니다. 잘 가르치는 사람은 한없이 잘 가르치고 못 가르치는 사람은 못가르쳐요.,AI 시스템반도체 설계
AIG20240000459005,18,5.0,많은 지식과 실습을 진행할 수 있다.,AI 시스템반도체 설계
AIG20240000459005,19,5.0,"7개월이라는 시간동안 많은것을 배울 수 있었습니다
대학교 때 배운 내용을 교육을 통해 이해할 수 있었습니다",AI 시스템반도체 설계
AIG20240000459005,20,5.0,"서울상공회의소의 7개월간 임베디드 시스템 교육과정은 단순한 이론이 아닌, 실전 프로젝트 중심의 커리큘럼으로 구성되어 있었습니다. Basys3 보드를 활용한 FPGA 설계부터 UART, FND, 센서(DHT11, HCSR04, TFmini), VGA, 서보모터, 부저 제어에 이르기까지 다양한 하드웨어 제어 기술을 체계적으로 배울 수 있었습니다.

특히 AXI 프로토콜 기반의 퍼리페럴 제어, FSM 기반의 다기능 시계 구현, 자율주행 로직 설계 등 실제 산업에 적용 가능한 수준의 프로젝트를 수행하면서 실무 감각을 키울 수 있었고, Vitis를 활용한 임베디드 소프트웨어 개발 역량도 크게 향상되었습니다.

7개월 동안 수많은 질문을 던지고 직접 구현하며 얻은 경험은, 앞으로의 커리어에서 강력한 기반이 될 것이라 확신합니다. 실무 중심 교육을 원하는 분께 적극 추천드립니다.",AI 시스템반도체 설계
AIG20240000459005,21,5.0,평소에 접할 수 없었던 반도체 설계를 심도 깊게 배운거 같아서 좋았습니다.,AI 시스템반도체 설계
AIG20240000459005,22,5.0,.,AI 시스템반도체 설계
AIG20240000459005,23,5.0,없습니다.,AI 시스템반도체 설계
AIG20240000459005,24,5.0,의지만 있다면 기대 이상의 성과를 얻어갈 수 있다고 확신합니다. 문기숙 지도교수님 저희 반 올바르게 지도해주셔서 감사합니다.,AI 시스템반도체 설계
AIG20240000459005,25,5.0,"직접적인 실무적인 경험을 이렇게 다양하게 할 수 있었던게 좋았습니다. 모든 교수진, 센터 직원분들도 학생들을 진심으로 케어하는게 느껴졌습니다. 감사합니다.",AI 시스템반도체 설계
AIG20240000459005,26,5.0,다양한 프로젝트를 진행하며 실무능력을 키울 수 있었고 무엇보다 좋은 사람들을 만날 수 있어서 좋았다,AI 시스템반도체 설계
AIG20240000459005,27,5.0,여러 부분 도움이 되었다.,AI 시스템반도체 설계
AIG20240000459005,28,5.0,"이번 교육과정은 단순히 설계를 배우는 데서 끝나지 않고, 실제 개발 흐름을 직접 경험해볼 수 있었다는 점에서 의미가 컸습니다. 프로젝트를 진행하며 설계부터 검증까지의 과정이 얼마나 긴밀하게 연결되는지 체감했고, 문제를 발견하고 해결하는 과정에서 실무 감각도 많이 향상되었습니다. 무엇보다 이론으로만 알고 있던 내용들이 실제 하드웨어 동작으로 이어지는 순간 큰 동기부여가 되었고, 시스템반도체 설계 직무에 대한 확신을 얻을 수 있었습니다.",AI 시스템반도체 설계
AIG20240000459005,29,4.3,교육 과정을 통해 실무에서 어떤 역량을 필요로 하는지 알게 되었다,AI 시스템반도체 설계
AIG20240000459005,30,4.3,"대학교 졸업 후 반도체 설계에 대해서 배우고 싶었는데 시간을 가지고 배울 수 있어서 이해하는데 큰 도움이 되었습니다. 또한 전,현직자 분들의 강의로 실무에 사용되는 기술들을 배워서 좋았고, 보다 다양한 교과목을 배워서 여러모로 성장하는데 좋은 자양분이 되었습니다.",AI 시스템반도체 설계
AIG20240000459005,31,3.6,6개월동안 수고 많으셨습니다. 좋은 결과 있길 바람니다.,AI 시스템반도체 설계
AIG20240000459005,32,2.9,대학원가세요,AI 시스템반도체 설계
AIG20240000459005,33,2.1,"전반적인 측면에서 과정을 수강하며 설계역량이 향상된 것을 느낄 수 있었으며 실무 과정에 대한 경험을 쌓을 수 있었다.

그러나, 교과 과정과 일치하지 않는 최종발표 주제 및 시간 배분의 오류로 인한 중요 주제 (bus) 에 대해 깊이 배울 수 없었다.

또한 최종 발표회가 외부시설을 빌리는 것이 아닌, 센터 내에서 진행된 것과 초청 기업에 대한 퀄리티가
타 과정에 비해 너무 많이 떨어졌다.

전체적으로 과정을 수강하며 역량은 향상되었지만, 해당 과정보다 타 과정에서 받는 이점이 더 많을 것이라 판단된다.",AI 시스템반도체 설계
AIG20240000459005,34,1.4,.,AI 시스템반도체 설계
AIG20240000459005,35,0.7,"많은 반도체 설계 교육 중에서 실무 프로젝트 경험을 가장 체계적으로 쌓을 수 있는 교육이라고 생각합니다.
수강생들의 수준이 대체로 높아 학습 분위기가 좋고, 대부분의 강사님들 역시 전문성과 전달력이 뛰어난 편이었습니다.

다만, 커리큘럼 운영 측면에서는 아쉬움이 있습니다.
초기 안내된 교육 일정과 실제 프로젝트 진행 방식 사이에 변동이 적지 않았고, 이에 따른 혼란과 비효율이 발생하기도 했습니다.
특히 수업 및 프로젝트 운영 기준이 기수마다 달라지는 느낌이 있어, 일정 관리가 보다 명확하고 일관되게 이루어졌으면 합니다.

또한, 교육 종료 후 만족도 평가 과정에서 수강생의 솔직한 의견을 존중하기보다 낮은 점수에 대해 개별 연락을 취하는 방식은 바람직하지 않습니다. 진정한 개선은 높은 점수를 받는 것보다 현장의 솔직한 피드백을 있는 그대로 수용하는 태도에서 시작된다고 생각합니다.
+ 담임교수의 가스라이팅이 심한 편.

저희 기수에서 겪은 시행착오들이 반영되어, 앞으로 더 신뢰도 높은 교육 운영 체계로 발전하길 기대합니다.

수강생 여러분, 7개월 동안 정말 고생 많으셨습니다.",AI 시스템반도체 설계
AIG20240000501196,1,5.0,"시스템 반도체를 이해하고 설계 역량을 짧은 시간 내에 집중적으로 올릴 수 있어서 좋았습니다.
또한 개인, 팀 프로젝트 경험을 많이 할 수 있어서 좋았습니다.
학부 졸업생들이 곧바로 취직이 안된다면, 꼭 추천하고 싶은 교육과정입니다.",[HARMAN] 세미콘아카데미-시스템반도체 설계/검증 엔지니어
AIG20240000501196,2,5.0,다양한 프로젝트를 경험할 수 있어서 좋았다.,[HARMAN] 세미콘아카데미-시스템반도체 설계/검증 엔지니어
AIG20240000501196,3,5.0,"저는 이번 과정을 통해서 취업을 했습니다. 잘 짜여진 교육과정 덕분에 학부생활 때 못했던 실무적 코딩과 컴퓨터구조 지식을 채울 수 있었습니다. 김창형 교수님 친절하게 가르쳐 주셔서 감사드리고, 노진호 교수님은 커리큘럼에 대해 깊게 관여하셔서 그런지 이해도가 남다르셨습니다. 또한 최종프로젝트를 조언해주실 때도 구현가능한 범위와 구현불가능한 범위를 명확히 구분지어 주셔서 도움이 많이 됐습니다. 또한 유다선 교수님은 거의 60명이나 되는 학생들을 한사람씩 심층면담을 진행해주셔서 자소서와 면접 때 많은 도움이 됐습니다. 앞으로 생길 교육과정에서도 이렇게 면담해주시면 학생들에게 큰 도움이 될 것 같습니다. 마지막으로 앞으로도 이런 교육과정 빈틈없이 체계적으로 꾸려가 주셔서 이 시스템반도체 분야에 흥미를 가지게 되고 이 분야로 취업까지 하는 인원이 많았으면 좋겠습니다.",[HARMAN] 세미콘아카데미-시스템반도체 설계/검증 엔지니어
AIG20240000501196,4,5.0,"생각보다 힘들지만 배우고 나면 남는 게 많습니다.
대학교에서 활동이 딱히 없었다면 신청하는 거 추천합니다",[HARMAN] 세미콘아카데미-시스템반도체 설계/검증 엔지니어
AIG20240000501196,5,5.0,"교육으로 저희를 이끌어주신 교수님들 감사드리고, Python, Verilog, C, Vivado, STM32(Embedded)에 대한 지식으로 더 나은 내가 될 수 있는 계기가 되었습니다.",[HARMAN] 세미콘아카데미-시스템반도체 설계/검증 엔지니어
AIG20240000501196,6,5.0,수강 전의 저와 지금의 저를 비교하면 놀랄 만큼 역량을 발전시킬 수 있었습니다. 힘써주신 관계자분들 감사드립니다.,[HARMAN] 세미콘아카데미-시스템반도체 설계/검증 엔지니어
AIG20240000501196,7,5.0,"도움이 됐고, 주변에 추천하고 싶다.",[HARMAN] 세미콘아카데미-시스템반도체 설계/검증 엔지니어
AIG20240000501196,8,5.0,노진호 교수님 수업 짱입니다!!,[HARMAN] 세미콘아카데미-시스템반도체 설계/검증 엔지니어
AIG20240000501196,9,5.0,시스템 반도체 설계 엔지니어로서 많이 배웠습니다.,[HARMAN] 세미콘아카데미-시스템반도체 설계/검증 엔지니어
AIG20240000501196,10,5.0,이 기술 분야에 대한 지식이 많이 쌓였고 취업에 대해 확실히 준비가 많이 되는 것 같다,[HARMAN] 세미콘아카데미-시스템반도체 설계/검증 엔지니어
AIG20240000501196,11,5.0,학부 때는 경험하기 힘든 값진 경험들을 얻어갈 수 있었습니다.,[HARMAN] 세미콘아카데미-시스템반도체 설계/검증 엔지니어
AIG20240000501196,12,5.0,실무와 가까운 교육을 접할 수 있는 기회가 많이 없었는데 교육을 들으면서 실무 역량을 기를 수 있어서 좋았습니다.,[HARMAN] 세미콘아카데미-시스템반도체 설계/검증 엔지니어
AIG20240000501196,13,5.0,"Verilog, python, C 부터 SoC, UVM, 임베디드 까지 단계적으로 학습하면서도 실습 위주로 진행되어 이론이 어떻게 적용되는지 배울 수 있었습니다. 
과목마다 새로 자리를 배정하여 새로운 팀원들과 함께 프로젝트를 진행하며 사회에서 필요한 협업 역량을 기를 수 있었습니다.
이력서 및 자기소개서, 면접준비까지 피드백을 받을 수 있어 취업준비에도 큰 도움이 되었고, 곧바로 취직에 성공하여 사회인으로 거듭난 것은 이 과정 덕분이라고 생각합니다.",[HARMAN] 세미콘아카데미-시스템반도체 설계/검증 엔지니어
AIG20240000501196,14,5.0,.,[HARMAN] 세미콘아카데미-시스템반도체 설계/검증 엔지니어
AIG20240000501196,15,5.0,하만 세미콘 아카데미 교육을 통해 위프로 면접 기회를 얻을 수 있었고 교육생들과 모의면접을 통해 면접 준비를 할 수 있었고 위프로에 입사할 수 있었습니다.,[HARMAN] 세미콘아카데미-시스템반도체 설계/검증 엔지니어
AIG20240000501196,16,5.0,"학부과정에서 디지털회로에 대해서 깊게 다루지 못해 아쉬움이 많았었다.
하지만 본 교육을 수료하며 개인적인 역량뿐만 아니라 취업 성공으로 이어져 굉장히 만족한다",[HARMAN] 세미콘아카데미-시스템반도체 설계/검증 엔지니어
AIG20240000501196,17,5.0,"디지털 회로설계 분야 학사취업을 희망한다면 정말 추천하고 싶은 과정입니다. 양질의 수업 뿐 아니라 프로젝트를 주도적으로 하도록 도와주어 다양한 문제 해결 경험을 쌓을 수 있습니다. 실제 기업 면접에서도 이 교육과정에서 했던 프로젝트에 대해 좋은 평가를 들었고, 관련 질문을 받았습니다.",[HARMAN] 세미콘아카데미-시스템반도체 설계/검증 엔지니어
AIG20240000501196,18,5.0,도움이 많이 되는 반도체 설계 교육이었습니다,[HARMAN] 세미콘아카데미-시스템반도체 설계/검증 엔지니어
AIG20240000501196,19,5.0,디지털 설계 분야로 취업하고 싶다면 무조건 듣는 거 추천입니다.,[HARMAN] 세미콘아카데미-시스템반도체 설계/검증 엔지니어
AIG20240000501196,20,5.0,너무 좋은 훈련 과정이고 방황하는 반도체 취준생들에게 반드시 추천하고 싶은 강의입니다.,[HARMAN] 세미콘아카데미-시스템반도체 설계/검증 엔지니어
AIG20240000501196,21,5.0,재미있었습니다 힘들었지만 벌써 끝났다는게 좀 아쉽네요,[HARMAN] 세미콘아카데미-시스템반도체 설계/검증 엔지니어
AIG20240000501196,22,5.0,"먼저 교육 과정이 학부에서 체험해보기 힘든 내용들로 구성되어 있고 깊게 공부할 수 있게 구성되어 있기 때문에 반도체 및 임베디드 분야 취업에 필요한 역량을 많이 키울 수 있었습니다.

노진호 교수님을 포함한 모든 수업 교수님들이 열정을 갖고 가르치시기 때문에 좋았습니다.
배우고하는 의지와 끝까지 내 것으로 만들겠다는 끈기가 있다면 모든 내용을 흡수할 수 있습니다.

또한 수업이외에도 유다선 교수님의 면접 대비를 통해 합격률을 높일 수 있도록 지도해주시는 점이 좋았습니다. 신입사원으로서 사회에 적응하고 지켜야할 기본 예절등도 배울 수 있어 좋았습니다.

해당 과정을 통해 자신감도 얻고 석사와 비슷한 깊은 지식을 얻을 수 있었고 취업에 성공했기 때문에 수강하길 잘했다라는 생각이 듭니다. 감사합니다.",[HARMAN] 세미콘아카데미-시스템반도체 설계/검증 엔지니어
AIG20240000501196,23,5.0,"정말 교육을 시작했을때와 끝났을 지금을 비교하면 많은 기술적 역량과 협업 능력을 기르게 된 거 같습니다. 
프로젝트들이 몰아치는 순간들이 때로는 버겁기도 했지만 돌이켜 보았을 때 좋은 포트폴리오를 만들게 된 거 같아 만족스럽습니다.",[HARMAN] 세미콘아카데미-시스템반도체 설계/검증 엔지니어
AIG20240000501196,24,5.0,학부에서는 배우지 못하고 가르쳐 주지 않는 설계 경험을 쌓을 수 있습니다. 7개월 동안 정말 많은 것들을 습득하고 배울 수 있습니다.,[HARMAN] 세미콘아카데미-시스템반도체 설계/검증 엔지니어
AIG20240000501196,25,5.0,좋은 커리큘럼과 함께 많은 포트폴리오 프로젝트 다양한 사람들을 만날 수 있어 좋았습니다.,[HARMAN] 세미콘아카데미-시스템반도체 설계/검증 엔지니어
AIG20240000501196,26,5.0,"처음 배우는사람도 충분히 이해가 잘 가도록 중요한 핵심 내용들을 잘 가르쳐 주신 김창영 교수님, 노진호 교수님
그리고 중간중간 면담과 자소서 피드백 등 옆에서 힘써주신 유다선 교수님 감사합니다",[HARMAN] 세미콘아카데미-시스템반도체 설계/검증 엔지니어
AIG20240000501196,27,5.0,취업 포트폴리오를 더 쌓을 수 있었고 교수님들도 열정을 가지고 강의해주셔서 만족합니다. 같은 진로의 새로운 사람들을 만날 수 있습니다.,[HARMAN] 세미콘아카데미-시스템반도체 설계/검증 엔지니어
AIG20240000501196,28,5.0,SoC전반적인 시스템에 대한 이해를 할 수 있었다.,[HARMAN] 세미콘아카데미-시스템반도체 설계/검증 엔지니어
AIG20240000501196,29,5.0,"나예호 교수님, 김창형 교수님, 노진호 교수님, 유다선 교수님 모두 너무 감사했습니다. 정말 많은 것을 얻어갑니다.",[HARMAN] 세미콘아카데미-시스템반도체 설계/검증 엔지니어
AIG20240000501196,30,5.0,"rtl 설계/검증, 임베디드 까지 총 3개 분야를 전반적으로 모두 배울 수 있어서 좋았습니다. 특히 많은 프로젝트 경험을 통해 실무에 가까운 경험을 할 수 있어서 좋았습니다.",[HARMAN] 세미콘아카데미-시스템반도체 설계/검증 엔지니어
AIG20240000501196,31,5.0,대학교에서 배우지 못한걸 이 교육을 통해 깊이 이해할 수 있어서 좋았습니다,[HARMAN] 세미콘아카데미-시스템반도체 설계/검증 엔지니어
AIG20240000501196,32,5.0,"작년 7월에 처음 시작할 때만 해도 사실 걱정이 앞섰습니다. 이쪽 분야의 경험이 많지 않아 진도를 잘 따라갈 수 있을지 막막했거든요. 그런데 원하던 회사 중 한 곳에 취업이 되고 수강 후기를 작성하니 참 감회가 새롭습니다. 과정 수강 전후로 제 모습이 확실히 많이 달라졌다고 생각합니다. 

기억에 남는 것 중 하나는 과정 지도교수님과의 심층면담 시간입니다. 일대일로 깊게 상담하면서 앞으로 어떤 방향으로 나가야 할지 같이 고민해 주셨던 게 정말 큰 힘이 됐습니다. 솔직히 과제도 좀 많고 인성, 태도에 대해 압박이 있는 편이라 중간에 좀 지칠 때도 있었는데, 지도교수님께서 덕분에 끝까지 완주할 수 있었던 것 같습니다.

그리고 서울기술교육센터에서도 수강생들 신경을 많이 써준다고 느껴졌던 게, 현직자 특강을 여러 번 열어주시더라고요. 현장에서 실제로 일하는 분들 이야기를 직접 들어보니까 상당히 도움이 되었습니다. 직접 질문할 수 있는 기회도 너무 좋았습니다. 센터가 그냥 과정만 운영하고 끝내는 게 아니라, 어떻게든 저희를 취업시키려고 애쓰시는 모습이 보여서 저도 더 열심히 하게 됐던 것 같습니다. 

글솜씨가 없어서 두서없이 적었지만, 진심으로 감사한 마음입니다. 6개월 동안 고생 많으셨던 교수님, 그리고 센터 직원분들께 다시 한번 감사드립니다.",[HARMAN] 세미콘아카데미-시스템반도체 설계/검증 엔지니어
AIG20240000501196,33,5.0,"훈련과정 이전과 이후의 스펙이나 능력에서 큰 성장을 했다고 생각합니다.
본 훈련에서 배운 점들을 바탕으로 업계에 가서도 좋은 영향력을 보일 수 있는 신입사원이 될 것 같습니다.",[HARMAN] 세미콘아카데미-시스템반도체 설계/검증 엔지니어
AIG20240000501196,34,4.3,"훈련과정을 통해 위프로에 입사할 수 있었던 만큼, 정말 도움이 많이 되었던 과정이다. 특히 반도체 회로 설계, 검증에 대해 하나도 몰랐으나 과정에서 이론 학습과 실습, 프로젝트를 많이 수행하면서 이론적으로, 실무적으로 역량을 기를 수 있었다. 또한, 실무자 특강이나 취업 관련 교육(자기소개서 작성법, 면접준비 등)이 포함되어 취업 대비도 할 수 있었다. 마지막으로 과정 마지막에는 취업까지 이어지며 결과적으로 매우 만족스럽다.",[HARMAN] 세미콘아카데미-시스템반도체 설계/검증 엔지니어
AIG20240000501196,35,4.3,어려웠고 길지만 짧았던 교육. 코딩과 디지털 회로를 몰랐던 저에게 설계 및 검증직 무로 나아가는 발판을 만들어주셔서 감사합니다.,[HARMAN] 세미콘아카데미-시스템반도체 설계/검증 엔지니어
AIG20240000501196,36,4.3,훌륭한 강사진과 교육과정을 통해 포트폴리오 및 취업역량을 강화할 수 있었습니다.,[HARMAN] 세미콘아카데미-시스템반도체 설계/검증 엔지니어
AIG20240000501196,37,4.3,"대학교 재학 당시에도 Verilog,C, python등을 하였지만 센터에 와서 왜 사용하는지 동작 원리등 자세히 이해하게 되었습니다.",[HARMAN] 세미콘아카데미-시스템반도체 설계/검증 엔지니어
AIG20240000501196,38,4.3,"이 훈련 과정을 통해서 목표로 하고 있었던 반도체 회사로 취업할 수 있었습니다. 훈련 과정은 취업에 유리한, 그러나 학부생 혼자서는 해내기 어려운 내용들로 구성되어 있습니다. 저는 이 과정을 현업에 계셨던 교수님들의 지도 하에 다른 교육생들과 함께 헤쳐나가면서 배웠던 것들이 취업 준비 그 이상으로 값진 것들이었다고 생각합니다. 그래서 반도체 설계/검증 직무에 관심이 있는 학부생에게 이 훈련 과정을 매우 추천하며 취업까지 성공하실 수 있기를 기원합니다.",[HARMAN] 세미콘아카데미-시스템반도체 설계/검증 엔지니어
AIG20240000501196,39,3.6,하만세미콘아카데미 2기 수료생 여러분들 다들 고생하셨습니다.,[HARMAN] 세미콘아카데미-시스템반도체 설계/검증 엔지니어
AIG20240000501196,40,2.9,.,[HARMAN] 세미콘아카데미-시스템반도체 설계/검증 엔지니어
AIG20240000501196,41,2.9,없음,[HARMAN] 세미콘아카데미-시스템반도체 설계/검증 엔지니어
AIG20240000501196,42,2.9,직접 실습을 할 수 있어서 좋았습니다.,[HARMAN] 세미콘아카데미-시스템반도체 설계/검증 엔지니어
AIG20240000501196,43,2.1,기초에 대한 부분을 다시 짚어볼 수 있어서 좋은 시간이였지만 한편으로는 검증에 대해 생각했던 부분을 전혀 달성하지 못해 아쉬운 마음이 큰 것 같습니다.,[HARMAN] 세미콘아카데미-시스템반도체 설계/검증 엔지니어
AIG20250000501484,1,5.0,"성장할 수 있다.
빈말없이 성취감을 느낀다.",AI융합 로봇 SW 개발자
AIG20250000501484,2,5.0,좋은 강사님들과 좋은 커리큘럼으로 체계적으로 배울 수 있어서 뜻깊은 시간이었습니다.,AI융합 로봇 SW 개발자
AIG20250000501484,3,5.0,"비전공자부터 전공자까지 아우르는 교육과정이었다고 생각합니다만 OMX를 자율적으로 따로 배워서 적용해야하는 것이 조금은 아쉬웠느나 결과적으론 다뤄볼 수 있어서 좋았습니다.
SW부터 임베디드까지 많은걸 배울 수 있었던 후회없는 선택이었습니다.
감사합니다.",AI융합 로봇 SW 개발자
AIG20250000501484,4,5.0,취업시장이 나아졌음 좋겠습니다,AI융합 로봇 SW 개발자
AIG20250000501484,5,5.0,"팀 프로젝트를 통해 기획부터 구현까지 경험하며 실전 감각과 문제 해결 능력을 크게 키울 수 있었으며, 실무형 포트폴리오까지 완성하게 되어 만족합니다.",AI융합 로봇 SW 개발자
AIG20250000501484,6,5.0,배워보지 못한 내용을 배울수있는 기회가 있어서 너무 좋았습니다!,AI융합 로봇 SW 개발자
AIG20250000501484,7,5.0,외부강사와 내부강사가 적절하게 배치되어 다양한 강의를 들을수 있어서 좋았다. 잘 가르치는 사람이 있고 학생들을 생각하지 않고 책과 파워포인트 발표 자료만 읽어주는 사람이 있었다. 로봇에 관심이 있어서 배웠는데 로봇에 대해 더 자세히 공부 하려면 대학원을 가야할것 같다.,AI융합 로봇 SW 개발자
AIG20250000501484,8,5.0,취업을위한 전반적인 지식을 배울 수 있었습니다.,AI융합 로봇 SW 개발자
AIG20250000501484,9,5.0,많이 배웠습니다.,AI융합 로봇 SW 개발자
AIG20250000501484,10,5.0,"S/W에 대한 지식이 전무하던 제가 마지막에는 팀원들과 협력하면서 훌륭한 로봇을 만들어낼 수 있었고, 마지막에는 훌륭한 성적으로 수료할 수 있었습니다.",AI융합 로봇 SW 개발자
AIG20250000501484,11,5.0,친절하게 가르쳐 주셔서 너무 많은 내용 가져갈 수 있었습니다.,AI융합 로봇 SW 개발자
AIG20250000501484,12,5.0,기존 관심을 발전시키고 결과물로 만들어 낼 수 있는 좋은 경험이었습니다.,AI융합 로봇 SW 개발자
AIG20250000501484,13,3.6,처음 지도교수님 때문에 스트레스를 많이 받았지만 2번째 지도교수님을 만나 마지막은 즐거웠습니다. 그리고 잘 하지 못하였던 소프트웨어에 대해 알게 되어서 좋았습니다.,AI융합 로봇 SW 개발자
AIG20250000501484,14,3.6,교수님들께서 친절하시고 실무에 대한 지식을 자세히 알려주셔서 좋았습니다. 덕분에 실무에 대한 자신감이 생겼습니다. 또한 센터에서 여러 장비를 제공해줘서 다양한 경험을 해볼 수 있어서 좋았습니다.,AI융합 로봇 SW 개발자
AIG20250000501484,15,2.9,"다향한 방향으로 배울 수 있어서 좋은 강의라고 생각합니다.
거기다 로봇 AI 분야가 성장하는 상황에서 좋은 교육과정으로 생각됩니다.",AI융합 로봇 SW 개발자
